"SecurityId","OrderId","ClientOrderId","DateTime","Price","Volume","Side"
"1","1","1","2021-04-04 13:10:17.927","51","60","Sell"
"1","2","2","2021-04-04 13:10:27.217","46","24","Buy"
"1","3","3","2021-04-04 13:10:28.711","0","21","Sell"
"1","4","-2","2021-04-04 13:10:31.442","46","0","Buy"
"1","5","5","2021-04-04 13:10:31.637","50","49","Sell"
"1","6","6","2021-04-04 13:10:38.141","49","58","Sell"
"1","7","-5","2021-04-04 13:10:38.532","50","0","Sell"
"1","8","8","2021-04-04 13:10:41.153","44","40","Buy"
"1","9","9","2021-04-04 13:10:46.842","45","30","Buy"
"1","10","-6","2021-04-04 13:10:48.036","49","0","Sell"
"1","11","11","2021-04-04 13:10:50.152","52","36","Sell"
"1","12","12","2021-04-04 13:10:50.694","46","26","Buy"
"1","13","13","2021-04-04 13:10:50.750","50","235","Sell"
"1","14","14","2021-04-04 13:10:51.025","0","22","Sell"
"1","15","15","2021-04-04 13:10:52.619","49","70","Sell"
"1","16","16","2021-04-04 13:10:52.929","50","28","Sell"
"1","17","17","2021-04-04 13:10:53.368","45","69","Buy"
"1","18","18","2021-04-04 13:10:53.651","47","26","Buy"
"1","19","19","2021-04-04 13:10:57.238","48","24","Sell"
"1","20","20","2021-04-04 13:10:58.005","47","29","Buy"
"1","21","21","2021-04-04 13:10:59.099","46","32","Buy"
"1","22","22","2021-04-04 13:11:00.737","47","33","Buy"
"1","23","23","2021-04-04 13:11:00.866","46","40","Buy"
"1","24","-21","2021-04-04 13:11:05.536","46","0","Buy"
"1","25","-22","2021-04-04 13:11:13.511","47","0","Buy"
"1","26","-15","2021-04-04 13:11:22.013","49","0","Sell"
"1","27","27","2021-04-04 13:11:24.900","0","40","Sell"
"1","28","-8","2021-04-04 13:11:26.526","44","0","Buy"
"1","29","-11","2021-04-04 13:11:26.658","52","0","Sell"
"1","30","-13","2021-04-04 13:11:28.802","50","0","Sell"
"1","31","-19","2021-04-04 13:11:29.887","48","0","Sell"
"1","32","-1","2021-04-04 13:11:33.412","51","0","Sell"
"1","33","34","2021-04-04 13:11:35.050","0","129","Sell"
"1","34","35","2021-04-04 13:11:35.937","44","79","Buy"
"1","35","36","2021-04-04 13:11:36.051","44","25","Buy"
"1","36","38","2021-04-04 13:11:38.157","51","62","Sell"
"1","37","-17","2021-04-04 13:11:39.583","45","0","Buy"
"1","38","40","2021-04-04 13:11:39.751","51","25","Sell"
"1","39","41","2021-04-04 13:11:40.998","45","62","Buy"
"1","40","42","2021-04-04 13:11:43.059","49","65","Sell"
"1","41","43","2021-04-04 13:11:44.162","48","192","Sell"
"1","42","-43","2021-04-04 13:11:44.708","48","0","Sell"
"1","43","45","2021-04-04 13:11:46.310","44","30","Buy"
"1","44","-40","2021-04-04 13:11:48.422","51","0","Sell"
"1","45","-41","2021-04-04 13:11:48.826","45","0","Buy"
"1","46","48","2021-04-04 13:11:49.138","43","22","Buy"
"1","47","-45","2021-04-04 13:11:49.563","44","0","Buy"
"1","48","50","2021-04-04 13:11:52.567","50","50","Sell"
"1","49","51","2021-04-04 13:11:53.078","50","36","Sell"
"1","50","52","2021-04-04 13:11:55.676","43","95","Buy"
"1","51","53","2021-04-04 13:11:56.938","0","49","Buy"
"1","52","54","2021-04-04 13:11:57.091","48","87","Sell"
"1","53","55","2021-04-04 13:11:57.494","0","61","Buy"
"1","54","56","2021-04-04 13:11:57.563","45","53","Buy"
"1","55","-51","2021-04-04 13:11:58.296","50","0","Sell"
"1","56","-52","2021-04-04 13:11:59.354","43","0","Buy"
"1","57","-48","2021-04-04 13:11:59.472","43","0","Buy"
"1","58","-42","2021-04-04 13:11:59.588","49","0","Sell"
"1","59","61","2021-04-04 13:12:01.604","46","167","Buy"
"1","60","62","2021-04-04 13:12:01.735","47","76","Buy"
"1","61","63","2021-04-04 13:12:02.324","48","30","Sell"
"1","62","64","2021-04-04 13:12:02.447","47","24","Buy"
"1","63","-56","2021-04-04 13:12:02.570","45","0","Buy"
"1","64","66","2021-04-04 13:12:02.897","0","32","Sell"
"1","65","67","2021-04-04 13:12:02.996","0","31","Buy"
"1","66","-50","2021-04-04 13:12:03.745","50","0","Sell"
"1","67","69","2021-04-04 13:12:04.040","46","75","Buy"
"1","68","70","2021-04-04 13:12:04.687","46","60","Buy"
"1","69","71","2021-04-04 13:12:05.309","48","24","Sell"
"1","70","-69","2021-04-04 13:12:05.419","46","0","Buy"
"1","71","73","2021-04-04 13:12:06.410","0","21","Buy"
"1","72","-71","2021-04-04 13:12:06.528","48","0","Sell"
"1","73","75","2021-04-04 13:12:07.063","49","270","Sell"
"1","74","76","2021-04-04 13:12:07.233","0","225","Sell"
"1","75","-70","2021-04-04 13:12:07.629","46","0","Buy"
"1","76","78","2021-04-04 13:12:07.996","49","97","Sell"
"1","77","79","2021-04-04 13:12:08.185","47","224","Buy"
"1","78","-63","2021-04-04 13:12:08.392","48","0","Sell"
"1","79","81","2021-04-04 13:12:09.210","48","60","Sell"
"1","80","82","2021-04-04 13:12:09.533","48","97","Sell"
"1","81","83","2021-04-04 13:12:09.729","48","30","Sell"
"1","82","84","2021-04-04 13:12:09.988","48","59","Sell"
"1","83","85","2021-04-04 13:12:10.042","49","62","Sell"
"1","84","-83","2021-04-04 13:12:11.791","48","0","Sell"
"1","85","87","2021-04-04 13:12:11.822","48","467","Sell"
"1","86","-75","2021-04-04 13:12:12.621","49","0","Sell"
"1","87","-81","2021-04-04 13:12:13.304","48","0","Sell"
"1","88","90","2021-04-04 13:12:13.476","48","92","Sell"
"1","89","-16","2021-04-04 13:12:13.625","50","0","Sell"
"1","90","-79","2021-04-04 13:12:13.905","47","0","Buy"
"1","91","-35","2021-04-04 13:12:14.228","44","0","Buy"
"1","92","94","2021-04-04 13:12:15.010","45","24","Buy"
"1","93","-61","2021-04-04 13:12:15.261","46","0","Buy"
"1","94","-82","2021-04-04 13:12:15.459","48","0","Sell"
"1","95","-78","2021-04-04 13:12:16.152","49","0","Sell"
"1","96","98","2021-04-04 13:12:16.325","49","49","Sell"
"1","97","-38","2021-04-04 13:12:17.531","51","0","Sell"
"1","98","100","2021-04-04 13:12:17.598","47","47","Sell"
"1","99","101","2021-04-04 13:12:17.708","48","23","Sell"
"1","100","102","2021-04-04 13:12:19.381","0","79","Sell"
"1","101","103","2021-04-04 13:12:19.713","48","33","Sell"
"1","102","104","2021-04-04 13:12:22.472","42","618","Buy"
"1","103","-84","2021-04-04 13:12:22.696","48","0","Sell"
"1","104","-104","2021-04-04 13:12:23.892","42","0","Buy"
"1","105","107","2021-04-04 13:12:24.323","42","24","Buy"
"1","106","108","2021-04-04 13:12:24.384","41","35","Buy"
"1","107","-108","2021-04-04 13:12:28.012","41","0","Buy"
"1","108","110","2021-04-04 13:12:29.672","43","51","Buy"
"1","109","111","2021-04-04 13:12:30.230","44","28","Buy"
"1","110","112","2021-04-04 13:12:30.320","43","37","Buy"
"1","111","113","2021-04-04 13:12:32.070","43","691","Buy"
"1","112","-100","2021-04-04 13:12:50.965","47","0","Sell"
"1","113","-111","2021-04-04 13:12:51.099","44","0","Buy"
"1","114","116","2021-04-04 13:12:54.651","42","36","Buy"
"1","115","117","2021-04-04 13:13:13.456","49","51","Sell"
"1","116","-116","2021-04-04 13:13:20.154","42","0","Buy"
"1","117","-98","2021-04-04 13:13:20.267","49","0","Sell"
"1","118","120","2021-04-04 13:13:21.163","44","21","Buy"
"1","119","121","2021-04-04 13:13:26.549","47","89","Sell"
"1","120","122","2021-04-04 13:13:26.642","43","32","Buy"
"1","121","123","2021-04-04 13:13:27.875","45","43","Buy"
"1","122","124","2021-04-04 13:13:28.102","0","21","Sell"
"1","123","125","2021-04-04 13:13:28.836","46","32","Buy"
"1","124","126","2021-04-04 13:13:30.453","47","49","Sell"
"1","125","127","2021-04-04 13:13:38.084","48","20","Sell"
"1","126","128","2021-04-04 13:13:39.207","0","243","Sell"
"1","127","129","2021-04-04 13:13:40.380","0","33","Buy"
"1","128","130","2021-04-04 13:13:40.533","44","70","Buy"
"1","129","131","2021-04-04 13:13:43.924","48","433","Sell"
"1","130","132","2021-04-04 13:13:48.638","0","108","Buy"
"1","131","133","2021-04-04 13:13:56.510","45","39","Buy"
"1","132","-117","2021-04-04 13:13:58.719","49","0","Sell"
"1","133","-133","2021-04-04 13:13:58.956","45","0","Buy"
"1","134","-127","2021-04-04 13:14:01.945","48","0","Sell"
"1","135","137","2021-04-04 13:14:02.377","45","31","Buy"
"1","136","-103","2021-04-04 13:14:03.475","48","0","Sell"
"1","137","139","2021-04-04 13:14:07.232","49","35","Sell"
"1","138","140","2021-04-04 13:14:08.114","44","43","Buy"
"1","139","-131","2021-04-04 13:14:08.363","48","0","Sell"
"1","140","142","2021-04-04 13:14:09.405","47","33","Sell"
"1","141","143","2021-04-04 13:14:10.954","44","27","Buy"
"1","142","144","2021-04-04 13:14:12.590","0","23","Sell"
"1","143","-137","2021-04-04 13:14:12.892","45","0","Buy"
"1","144","146","2021-04-04 13:14:13.268","43","110","Buy"
"1","145","147","2021-04-04 13:14:13.779","48","52","Sell"
"1","146","-85","2021-04-04 13:14:14.567","49","0","Sell"
"1","147","-130","2021-04-04 13:14:20.140","44","0","Buy"
"1","148","150","2021-04-04 13:14:20.846","46","31","Sell"
"1","149","151","2021-04-04 13:14:20.875","45","79","Sell"
"1","150","152","2021-04-04 13:14:21.101","45","91","Sell"
"1","151","153","2021-04-04 13:14:22.641","0","48","Buy"
"1","152","-140","2021-04-04 13:14:23.428","44","0","Buy"
"1","153","155","2021-04-04 13:14:26.221","43","50","Buy"
"1","154","156","2021-04-04 13:14:28.918","44","27","Buy"
"1","155","157","2021-04-04 13:14:30.188","46","125","Sell"
"1","156","158","2021-04-04 13:14:33.087","46","55","Sell"
"1","157","159","2021-04-04 13:14:33.454","45","78","Sell"
"1","158","160","2021-04-04 13:14:36.771","46","169","Sell"
"1","159","-139","2021-04-04 13:14:36.905","49","0","Sell"
"1","160","-122","2021-04-04 13:14:37.017","43","0","Buy"
"1","161","-155","2021-04-04 13:14:37.515","43","0","Buy"
"1","162","164","2021-04-04 13:14:38.892","44","43","Buy"
"1","163","165","2021-04-04 13:14:41.532","45","33","Sell"
"1","164","166","2021-04-04 13:14:42.353","46","36","Sell"
"1","165","-143","2021-04-04 13:14:42.567","44","0","Buy"
"1","166","168","2021-04-04 13:14:42.891","43","44","Buy"
"1","167","169","2021-04-04 13:14:44.041","44","53","Buy"
"1","168","170","2021-04-04 13:14:46.370","45","71","Sell"
"1","169","171","2021-04-04 13:14:47.828","43","23","Buy"
"1","170","-156","2021-04-04 13:14:47.950","44","0","Buy"
"1","171","173","2021-04-04 13:14:48.475","0","113","Buy"
"1","172","-164","2021-04-04 13:14:50.855","44","0","Buy"
"1","173","-169","2021-04-04 13:14:52.206","44","0","Buy"
"1","174","-165","2021-04-04 13:14:52.357","45","0","Sell"
"1","175","177","2021-04-04 13:14:54.658","44","21","Sell"
"1","176","-107","2021-04-04 13:14:58.030","42","0","Buy"
"1","177","-157","2021-04-04 13:14:58.515","46","0","Sell"
"1","178","-146","2021-04-04 13:14:59.223","43","0","Buy"
"1","179","181","2021-04-04 13:14:59.846","0","38","Buy"
"1","180","182","2021-04-04 13:15:00.477","44","36","Buy"
"1","181","-182","2021-04-04 13:15:02.598","44","0","Buy"
"1","182","-168","2021-04-04 13:15:04.195","43","0","Buy"
"1","183","185","2021-04-04 13:15:05.145","0","40","Buy"
"1","184","186","2021-04-04 13:15:05.275","44","285","Buy"
"1","185","187","2021-04-04 13:15:05.529","44","34","Buy"
"1","186","188","2021-04-04 13:15:06.596","44","45","Buy"
"1","187","-170","2021-04-04 13:15:06.992","45","0","Sell"
"1","188","190","2021-04-04 13:15:07.689","0","99","Buy"
"1","189","191","2021-04-04 13:15:08.278","45","81","Sell"
"1","190","-158","2021-04-04 13:15:10.477","46","0","Sell"
"1","191","193","2021-04-04 13:15:11.756","43","160","Buy"
"1","192","194","2021-04-04 13:15:12.051","45","47","Sell"
"1","193","-87","2021-04-04 13:15:12.333","48","0","Sell"
"1","194","-186","2021-04-04 13:15:12.501","44","0","Buy"
"1","195","197","2021-04-04 13:15:13.989","45","107","Sell"
"1","196","198","2021-04-04 13:15:16.513","46","25","Sell"
"1","197","-147","2021-04-04 13:15:17.680","48","0","Sell"
"1","198","-171","2021-04-04 13:15:20.875","43","0","Buy"
"1","199","-191","2021-04-04 13:15:21.001","45","0","Sell"
"1","200","202","2021-04-04 13:15:21.148","44","354","Buy"
"1","201","-113","2021-04-04 13:15:25.082","43","0","Buy"
"1","202","204","2021-04-04 13:15:26.179","46","26","Sell"
"1","203","205","2021-04-04 13:15:29.747","44","23","Buy"
"1","204","-193","2021-04-04 13:15:30.106","43","0","Buy"
"1","205","-188","2021-04-04 13:15:38.314","44","0","Buy"
"1","206","208","2021-04-04 13:15:41.697","0","46","Sell"
"1","207","-205","2021-04-04 13:15:46.586","44","0","Buy"
"1","208","210","2021-04-04 13:15:47.932","45","49","Sell"
"1","209","211","2021-04-04 13:15:47.947","0","22","Buy"
"1","210","212","2021-04-04 13:15:48.040","43","62","Buy"
"1","211","213","2021-04-04 13:15:48.690","46","72","Sell"
"1","212","-212","2021-04-04 13:15:49.924","43","0","Buy"
"1","213","-198","2021-04-04 13:15:50.447","46","0","Sell"
"1","214","216","2021-04-04 13:15:52.067","46","38","Sell"
"1","215","-210","2021-04-04 13:15:52.719","45","0","Sell"
"1","216","218","2021-04-04 13:16:15.149","43","35","Buy"
"1","217","219","2021-04-04 13:16:26.025","45","26","Sell"
"1","218","220","2021-04-04 13:16:28.091","44","26","Buy"
"1","219","221","2021-04-04 13:16:32.058","0","1214","Sell"
"1","220","222","2021-04-04 13:16:32.194","0","25","Buy"
"1","221","-219","2021-04-04 13:16:32.710","45","0","Sell"
"1","222","-101","2021-04-04 13:16:34.366","48","0","Sell"
"1","223","225","2021-04-04 13:16:34.442","44","24","Sell"
"1","224","-225","2021-04-04 13:16:35.325","44","0","Sell"
"1","225","228","2021-04-04 13:16:36.746","44","65","Sell"
"1","226","229","2021-04-04 13:16:40.267","43","35","Sell"
"1","227","231","2021-04-04 13:16:42.344","38","1283","Buy"
"1","228","-231","2021-04-04 13:16:44.252","38","0","Buy"
"1","229","-228","2021-04-04 13:16:51.075","44","0","Sell"
"1","230","-229","2021-04-04 13:16:51.955","43","0","Sell"
"1","231","236","2021-04-04 13:16:53.126","40","22","Buy"
"1","232","237","2021-04-04 13:16:53.921","44","51","Sell"
"1","233","238","2021-04-04 13:16:55.062","41","25","Buy"
"1","234","-236","2021-04-04 13:16:57.804","40","0","Buy"
"1","235","240","2021-04-04 13:16:58.047","42","69","Buy"
"1","236","241","2021-04-04 13:17:00.539","43","28","Buy"
"1","237","242","2021-04-04 13:17:01.271","44","33","Sell"
"1","238","-237","2021-04-04 13:17:02.317","44","0","Sell"
"1","239","244","2021-04-04 13:17:02.723","42","85","Buy"
"1","240","245","2021-04-04 13:17:04.886","42","302","Buy"
"1","241","246","2021-04-04 13:17:04.901","45","43","Sell"
"1","242","247","2021-04-04 13:17:04.984","0","23","Buy"
"1","243","248","2021-04-04 13:17:06.204","0","25","Buy"
"1","244","249","2021-04-04 13:17:16.351","44","27","Sell"
"1","245","-238","2021-04-04 13:17:17.518","41","0","Buy"
"1","246","251","2021-04-04 13:17:17.634","44","35","Sell"
"1","247","-249","2021-04-04 13:17:18.967","44","0","Sell"
"1","248","-251","2021-04-04 13:17:20.015","44","0","Sell"
"1","249","254","2021-04-04 13:17:21.818","44","81","Sell"
"1","250","255","2021-04-04 13:17:22.012","0","56","Sell"
"1","251","256","2021-04-04 13:17:26.886","43","91","Buy"
"1","252","257","2021-04-04 13:17:30.225","45","37","Sell"
"1","253","258","2021-04-04 13:18:01.617","42","25","Buy"
"1","254","259","2021-04-04 13:18:02.632","43","33","Buy"
"1","255","-256","2021-04-04 13:18:02.752","43","0","Buy"
"1","256","-244","2021-04-04 13:18:02.881","42","0","Buy"
"1","257","262","2021-04-04 13:18:03.618","42","42","Buy"
"1","258","-259","2021-04-04 13:18:03.779","43","0","Buy"
"1","259","264","2021-04-04 13:18:04.010","45","23","Sell"
"1","260","265","2021-04-04 13:18:06.000","41","24","Buy"
"1","261","266","2021-04-04 13:18:07.419","0","125","Sell"
"1","262","267","2021-04-04 13:18:09.228","43","33","Sell"
"1","263","-204","2021-04-04 13:18:09.436","46","0","Sell"
"1","264","-254","2021-04-04 13:18:10.017","44","0","Sell"
"1","265","-258","2021-04-04 13:18:10.471","42","0","Buy"
"1","266","271","2021-04-04 13:18:10.963","43","26","Sell"
"1","267","272","2021-04-04 13:18:11.746","42","20","Buy"
"1","268","-272","2021-04-04 13:18:11.868","42","0","Buy"
"1","269","274","2021-04-04 13:18:12.689","0","107","Sell"
"1","270","-271","2021-04-04 13:18:13.812","43","0","Sell"
"1","271","-267","2021-04-04 13:18:14.024","43","0","Sell"
"1","272","-265","2021-04-04 13:18:14.137","41","0","Buy"
"1","273","278","2021-04-04 13:18:15.068","41","24","Buy"
"1","274","279","2021-04-04 13:18:15.688","43","309","Buy"
"1","275","-279","2021-04-04 13:18:17.552","43","0","Buy"
"1","276","281","2021-04-04 13:18:17.940","43","34","Buy"
"1","277","282","2021-04-04 13:18:18.168","44","21","Buy"
"1","278","-142","2021-04-04 13:18:18.562","47","0","Sell"
"1","279","284","2021-04-04 13:18:18.671","43","45","Buy"
"1","280","285","2021-04-04 13:18:20.288","45","31","Sell"
"1","281","286","2021-04-04 13:18:20.676","43","169","Buy"
"1","282","287","2021-04-04 13:18:20.920","45","25","Sell"
"1","283","-282","2021-04-04 13:18:21.230","44","0","Buy"
"1","284","289","2021-04-04 13:18:21.356","0","188","Buy"
"1","285","290","2021-04-04 13:18:21.506","46","107","Sell"
"1","286","291","2021-04-04 13:18:21.809","44","316","Buy"
"1","287","292","2021-04-04 13:18:21.839","0","43","Buy"
"1","288","293","2021-04-04 13:18:21.926","43","397","Buy"
"1","289","294","2021-04-04 13:18:23.486","0","23","Sell"
"1","290","-287","2021-04-04 13:18:23.600","45","0","Sell"
"1","291","-90","2021-04-04 13:18:23.723","48","0","Sell"
"1","292","297","2021-04-04 13:18:24.100","0","29","Sell"
"1","293","298","2021-04-04 13:18:24.191","0","22","Sell"
"1","294","299","2021-04-04 13:18:25.470","43","36","Buy"
"1","295","300","2021-04-04 13:18:25.943","45","21","Sell"
"1","296","301","2021-04-04 13:18:26.372","44","26","Buy"
"1","297","-300","2021-04-04 13:18:26.476","45","0","Sell"
"1","298","303","2021-04-04 13:18:26.968","43","41","Buy"
"1","299","304","2021-04-04 13:18:28.622","47","131","Sell"
"1","300","-281","2021-04-04 13:18:29.232","43","0","Buy"
"1","301","-304","2021-04-04 13:18:32.112","47","0","Sell"
"1","302","-160","2021-04-04 13:18:32.487","46","0","Sell"
"1","303","308","2021-04-04 13:18:32.499","47","81","Sell"
"1","304","309","2021-04-04 13:18:33.339","45","25","Sell"
"1","305","-309","2021-04-04 13:18:34.327","45","0","Sell"
"1","306","311","2021-04-04 13:18:36.705","43","37","Buy"
"1","307","-301","2021-04-04 13:18:37.161","44","0","Buy"
"1","308","313","2021-04-04 13:18:37.887","45","31","Sell"
"1","309","-284","2021-04-04 13:18:40.653","43","0","Buy"
"1","310","315","2021-04-04 13:18:41.134","43","23","Buy"
"1","311","316","2021-04-04 13:18:43.302","45","27","Sell"
"1","312","317","2021-04-04 13:18:45.903","45","20","Sell"
"1","313","318","2021-04-04 13:18:46.160","0","20","Buy"
"1","314","319","2021-04-04 13:18:47.864","0","35","Sell"
"1","315","320","2021-04-04 13:18:49.657","43","32","Buy"
"1","316","-262","2021-04-04 13:18:49.802","42","0","Buy"
"1","317","-291","2021-04-04 13:18:50.665","44","0","Buy"
"1","318","-290","2021-04-04 13:18:54.602","46","0","Sell"
"1","319","-308","2021-04-04 13:18:58.589","47","0","Sell"
"1","320","325","2021-04-04 13:19:00.221","42","27","Buy"
"1","321","-278","2021-04-04 13:19:01.282","41","0","Buy"
"1","322","327","2021-04-04 13:19:02.007","44","41","Sell"
"1","323","328","2021-04-04 13:19:05.419","42","43","Buy"
"1","324","329","2021-04-04 13:19:06.145","0","37","Sell"
"1","325","330","2021-04-04 13:19:07.492","45","86","Sell"
"1","326","331","2021-04-04 13:19:08.906","42","39","Buy"
"1","327","332","2021-04-04 13:19:10.064","44","22","Sell"
"1","328","333","2021-04-04 13:19:10.162","0","22","Buy"
"1","329","334","2021-04-04 13:19:12.787","44","20","Sell"
"1","330","-334","2021-04-04 13:19:13.502","44","0","Sell"
"1","331","336","2021-04-04 13:19:15.053","44","37","Sell"
"1","332","-330","2021-04-04 13:19:15.279","45","0","Sell"
"1","333","338","2021-04-04 13:19:15.305","42","848","Buy"
"1","334","339","2021-04-04 13:19:15.478","44","88","Sell"
"1","335","340","2021-04-04 13:19:15.670","0","29","Buy"
"1","336","341","2021-04-04 13:19:16.576","42","24","Buy"
"1","337","-339","2021-04-04 13:19:18.844","44","0","Sell"
"1","338","343","2021-04-04 13:19:19.478","43","52","Buy"
"1","339","344","2021-04-04 13:19:20.030","45","32","Sell"
"1","340","345","2021-04-04 13:19:20.218","43","287","Buy"
"1","341","-338","2021-04-04 13:19:20.331","42","0","Buy"
"1","342","347","2021-04-04 13:19:21.116","45","35","Sell"
"1","343","-311","2021-04-04 13:19:21.857","43","0","Buy"
"1","344","-313","2021-04-04 13:19:22.424","45","0","Sell"
"1","345","350","2021-04-04 13:19:26.581","42","127","Buy"
"1","346","-299","2021-04-04 13:19:26.838","43","0","Buy"
"1","347","352","2021-04-04 13:19:27.377","44","133","Sell"
"1","348","-343","2021-04-04 13:19:31.221","43","0","Buy"
"1","349","-350","2021-04-04 13:19:31.728","42","0","Buy"
"1","350","355","2021-04-04 13:19:31.826","45","42","Sell"
"1","351","356","2021-04-04 13:19:32.349","44","104","Sell"
"1","352","-341","2021-04-04 13:19:32.996","42","0","Buy"
"1","353","358","2021-04-04 13:19:34.017","44","64","Sell"
"1","354","-336","2021-04-04 13:19:34.429","44","0","Sell"
"1","355","360","2021-04-04 13:19:36.589","0","32","Buy"
"1","356","361","2021-04-04 13:19:40.422","44","42","Sell"
"1","357","362","2021-04-04 13:19:41.413","45","147","Sell"
"1","358","-293","2021-04-04 13:19:50.133","43","0","Buy"
"1","359","-352","2021-04-04 13:19:50.385","44","0","Sell"
"1","360","365","2021-04-04 13:19:50.835","42","123","Buy"
"1","361","366","2021-04-04 13:19:50.866","45","29","Sell"
"1","362","367","2021-04-04 13:19:52.401","42","37","Buy"
"1","363","368","2021-04-04 13:19:54.192","0","23","Sell"
"1","364","-361","2021-04-04 13:20:00.897","44","0","Sell"
"1","365","-316","2021-04-04 13:20:02.616","45","0","Sell"
"1","366","-317","2021-04-04 13:20:05.180","45","0","Sell"
"1","367","-358","2021-04-04 13:20:06.672","44","0","Sell"
"1","368","-355","2021-04-04 13:20:07.037","45","0","Sell"
"1","369","374","2021-04-04 13:20:07.303","0","55","Buy"
"1","370","-356","2021-04-04 13:20:07.417","44","0","Sell"
"1","371","376","2021-04-04 13:20:09.400","42","24","Buy"
"1","372","377","2021-04-04 13:20:11.451","44","30","Sell"
"1","373","-347","2021-04-04 13:20:13.759","45","0","Sell"
"1","374","379","2021-04-04 13:20:15.221","45","41","Sell"
"1","375","380","2021-04-04 13:20:16.024","44","22","Sell"
"1","376","381","2021-04-04 13:20:16.092","43","13986","Buy"
"1","377","382","2021-04-04 13:20:16.141","0","44","Sell"
"1","378","-381","2021-04-04 13:20:16.713","43","0","Buy"
"1","379","384","2021-04-04 13:20:16.851","42","22","Buy"
"1","380","-166","2021-04-04 13:20:17.166","46","0","Sell"
"1","381","386","2021-04-04 13:20:19.340","45","25","Sell"
"1","382","387","2021-04-04 13:20:19.957","43","46","Buy"
"1","383","-365","2021-04-04 13:20:20.136","42","0","Buy"
"1","384","-367","2021-04-04 13:20:21.028","42","0","Buy"
"1","385","-377","2021-04-04 13:20:21.477","44","0","Sell"
"1","386","391","2021-04-04 13:20:21.510","0","28","Buy"
"1","387","392","2021-04-04 13:20:21.859","42","6762","Buy"
"1","388","393","2021-04-04 13:20:22.169","42","41","Buy"
"1","389","394","2021-04-04 13:20:22.618","44","49","Buy"
"1","390","395","2021-04-04 13:20:22.920","45","26","Sell"
"1","391","396","2021-04-04 13:20:23.290","46","28","Sell"
"1","392","397","2021-04-04 13:20:24.447","45","108","Sell"
"1","393","398","2021-04-04 13:20:24.691","44","49","Buy"
"1","394","399","2021-04-04 13:20:25.049","46","24","Sell"
"1","395","400","2021-04-04 13:20:26.134","46","64","Sell"
"1","396","-345","2021-04-04 13:20:26.606","43","0","Buy"
"1","397","402","2021-04-04 13:20:26.799","45","36","Sell"
"1","398","403","2021-04-04 13:20:26.870","46","31","Sell"
"1","399","404","2021-04-04 13:20:28.073","44","39","Buy"
"1","400","-398","2021-04-04 13:20:30.911","44","0","Buy"
"1","401","406","2021-04-04 13:20:31.465","44","32","Buy"
"1","402","-404","2021-04-04 13:20:32.165","44","0","Buy"
"1","403","-402","2021-04-04 13:20:34.965","45","0","Sell"
"1","404","409","2021-04-04 13:20:37.512","0","60","Sell"
"1","405","410","2021-04-04 13:20:38.011","43","48","Buy"
"1","406","-399","2021-04-04 13:20:38.868","46","0","Sell"
"1","407","-406","2021-04-04 13:20:39.500","44","0","Buy"
"1","408","-325","2021-04-04 13:20:45.035","42","0","Buy"
"1","409","414","2021-04-04 13:20:45.408","0","23","Buy"
"1","410","-303","2021-04-04 13:20:48.819","43","0","Buy"
"1","411","416","2021-04-04 13:20:49.605","44","188","Buy"
"1","412","417","2021-04-04 13:20:52.534","45","29","Sell"
"1","413","418","2021-04-04 13:20:53.736","0","21","Sell"
"1","414","-395","2021-04-04 13:20:54.923","45","0","Sell"
"1","415","420","2021-04-04 13:20:58.495","45","476","Sell"
"1","416","421","2021-04-04 13:20:58.920","44","32","Buy"
"1","417","422","2021-04-04 13:20:59.347","46","26","Sell"
"1","418","423","2021-04-04 13:21:01.260","44","32","Buy"
"1","419","424","2021-04-04 13:21:01.552","0","90","Buy"
"1","420","425","2021-04-04 13:21:02.743","45","44","Sell"
"1","421","426","2021-04-04 13:21:03.095","46","79","Sell"
"1","422","427","2021-04-04 13:21:03.660","44","67","Buy"
"1","423","428","2021-04-04 13:21:04.808","46","30","Sell"
"1","424","-423","2021-04-04 13:21:04.949","44","0","Buy"
"1","425","-328","2021-04-04 13:21:05.171","42","0","Buy"
"1","426","431","2021-04-04 13:21:05.905","46","52","Sell"
"1","427","432","2021-04-04 13:21:07.430","46","53","Sell"
"1","428","433","2021-04-04 13:21:07.475","44","47","Buy"
"1","429","-397","2021-04-04 13:21:08.181","45","0","Sell"
"1","430","435","2021-04-04 13:21:08.573","0","173","Buy"
"1","431","436","2021-04-04 13:21:09.071","43","26","Buy"
"1","432","437","2021-04-04 13:21:09.717","44","30","Buy"
"1","433","438","2021-04-04 13:21:10.804","45","23","Sell"
"1","434","-417","2021-04-04 13:21:11.170","45","0","Sell"
"1","435","-416","2021-04-04 13:21:11.417","44","0","Buy"
"1","436","-421","2021-04-04 13:21:12.795","44","0","Buy"
"1","437","-376","2021-04-04 13:21:14.398","42","0","Buy"
"1","438","443","2021-04-04 13:21:14.754","44","54","Buy"
"1","439","-438","2021-04-04 13:21:14.902","45","0","Sell"
"1","440","445","2021-04-04 13:21:24.875","0","64","Sell"
"1","441","446","2021-04-04 13:21:35.360","45","34","Sell"
"1","442","447","2021-04-04 13:21:42.459","0","22","Buy"
"1","443","448","2021-04-04 13:21:42.782","44","41","Buy"
"1","444","449","2021-04-04 13:21:47.124","45","41","Sell"
"1","445","450","2021-04-04 13:21:52.076","0","21","Buy"
"1","446","-420","2021-04-04 13:21:52.200","45","0","Sell"
"1","447","452","2021-04-04 13:21:58.718","43","102","Buy"
"1","448","453","2021-04-04 13:22:00.604","0","64","Buy"
"1","449","-403","2021-04-04 13:22:02.941","46","0","Sell"
"1","450","455","2021-04-04 13:22:03.375","44","64","Buy"
"1","451","-245","2021-04-04 13:22:03.775","42","0","Buy"
"1","452","-448","2021-04-04 13:22:06.628","44","0","Buy"
"1","453","-436","2021-04-04 13:22:06.745","43","0","Buy"
"1","454","-449","2021-04-04 13:22:07.648","45","0","Sell"
"1","455","-432","2021-04-04 13:22:10.331","46","0","Sell"
"1","456","461","2021-04-04 13:22:10.724","43","105","Buy"
"1","457","-320","2021-04-04 13:22:10.976","43","0","Buy"
"1","458","463","2021-04-04 13:22:12.530","0","33","Sell"
"1","459","464","2021-04-04 13:22:12.700","43","153","Buy"
"1","460","-443","2021-04-04 13:22:12.873","44","0","Buy"
"1","461","466","2021-04-04 13:22:13.275","43","30","Buy"
"1","462","467","2021-04-04 13:22:13.707","44","20","Buy"
"1","463","-428","2021-04-04 13:22:13.829","46","0","Sell"
"1","464","-426","2021-04-04 13:22:14.191","46","0","Sell"
"1","465","470","2021-04-04 13:22:15.027","0","116","Buy"
"1","466","-392","2021-04-04 13:22:15.248","42","0","Buy"
"1","467","-437","2021-04-04 13:22:17.084","44","0","Buy"
"1","468","473","2021-04-04 13:22:17.202","45","26","Sell"
"1","469","-431","2021-04-04 13:22:17.350","46","0","Sell"
"1","470","-464","2021-04-04 13:22:18.106","43","0","Buy"
"1","471","-473","2021-04-04 13:22:21.044","45","0","Sell"
"1","472","477","2021-04-04 13:22:21.080","0","22","Buy"
"1","473","478","2021-04-04 13:22:21.646","43","22","Buy"
"1","474","479","2021-04-04 13:22:23.782","43","23","Buy"
"1","475","-455","2021-04-04 13:22:24.344","44","0","Buy"
"1","476","481","2021-04-04 13:22:24.950","43","33","Buy"
"1","477","482","2021-04-04 13:22:25.919","0","60","Buy"
"1","478","483","2021-04-04 13:22:26.083","0","20","Sell"
"1","479","-422","2021-04-04 13:22:26.748","46","0","Sell"
"1","480","485","2021-04-04 13:22:27.962","45","46","Sell"
"1","481","486","2021-04-04 13:22:28.352","46","22","Sell"
"1","482","-467","2021-04-04 13:22:28.463","44","0","Buy"
"1","483","488","2021-04-04 13:22:29.101","0","22","Buy"
"1","484","-331","2021-04-04 13:22:29.390","42","0","Buy"
"1","485","490","2021-04-04 13:22:30.027","0","79","Sell"
"1","486","491","2021-04-04 13:22:33.735","0","23","Buy"
"1","487","492","2021-04-04 13:22:34.380","44","21","Sell"
"1","488","-384","2021-04-04 13:22:34.571","42","0","Buy"
"1","489","494","2021-04-04 13:22:35.492","43","57","Buy"
"1","490","-393","2021-04-04 13:22:35.614","42","0","Buy"
"1","491","496","2021-04-04 13:22:36.944","45","21","Sell"
"1","492","-492","2021-04-04 13:22:37.326","44","0","Sell"
"1","493","498","2021-04-04 13:22:38.160","46","279","Sell"
"1","494","499","2021-04-04 13:22:38.817","44","53","Sell"
"1","495","500","2021-04-04 13:22:39.190","43","68","Buy"
"1","496","501","2021-04-04 13:22:39.469","44","48","Sell"
"1","497","502","2021-04-04 13:22:40.391","42","33","Buy"
"1","498","503","2021-04-04 13:22:40.668","0","67","Buy"
"1","499","-466","2021-04-04 13:22:40.930","43","0","Buy"
"1","500","-501","2021-04-04 13:22:41.559","44","0","Sell"
"1","501","-496","2021-04-04 13:22:41.682","45","0","Sell"
"1","502","507","2021-04-04 13:22:42.191","42","222","Buy"
"1","503","-498","2021-04-04 13:22:42.673","46","0","Sell"
"1","504","509","2021-04-04 13:22:43.586","42","25","Buy"
"1","505","-509","2021-04-04 13:22:44.479","42","0","Buy"
"1","506","511","2021-04-04 13:22:44.500","46","24","Sell"
"1","507","-481","2021-04-04 13:22:45.245","43","0","Buy"
"1","508","513","2021-04-04 13:22:45.465","46","816","Sell"
"1","509","-485","2021-04-04 13:22:46.496","45","0","Sell"
"1","510","515","2021-04-04 13:22:46.516","47","86","Sell"
"1","511","516","2021-04-04 13:22:47.069","45","61","Sell"
"1","512","517","2021-04-04 13:22:47.935","44","30","Buy"
"1","513","-517","2021-04-04 13:22:48.069","44","0","Buy"
"1","514","519","2021-04-04 13:22:48.936","46","436","Sell"
"1","515","520","2021-04-04 13:22:50.237","42","23","Buy"
"1","516","-461","2021-04-04 13:22:50.695","43","0","Buy"
"1","517","522","2021-04-04 13:22:54.650","42","41","Buy"
"1","518","523","2021-04-04 13:22:54.910","42","44","Buy"
"1","519","524","2021-04-04 13:23:01.836","0","36","Sell"
"1","520","-522","2021-04-04 13:23:05.786","42","0","Buy"
"1","521","-516","2021-04-04 13:23:07.980","45","0","Sell"
"1","522","527","2021-04-04 13:23:10.396","45","63","Sell"
"1","523","-507","2021-04-04 13:23:10.511","42","0","Buy"
"1","524","529","2021-04-04 13:23:10.702","42","85","Buy"
"1","525","530","2021-04-04 13:23:11.154","42","27","Buy"
"1","526","531","2021-04-04 13:23:11.412","46","44","Sell"
"1","527","532","2021-04-04 13:23:12.977","0","52","Sell"
"1","528","533","2021-04-04 13:23:14.565","44","20","Buy"
"1","529","534","2021-04-04 13:23:14.575","45","38","Sell"
"1","530","535","2021-04-04 13:23:14.681","44","27","Buy"
"1","531","-533","2021-04-04 13:23:15.216","44","0","Buy"
"1","532","537","2021-04-04 13:23:15.667","46","33","Sell"
"1","533","538","2021-04-04 13:23:16.058","0","73","Buy"
"1","534","539","2021-04-04 13:23:16.536","46","24","Sell"
"1","535","540","2021-04-04 13:23:16.989","46","94","Sell"
"1","536","541","2021-04-04 13:23:17.004","0","29","Sell"
"1","537","-534","2021-04-04 13:23:17.603","45","0","Sell"
"1","538","543","2021-04-04 13:23:17.632","44","26","Buy"
"1","539","544","2021-04-04 13:23:18.782","45","164","Buy"
"1","540","-523","2021-04-04 13:23:20.818","42","0","Buy"
"1","541","-515","2021-04-04 13:23:20.940","47","0","Sell"
"1","542","547","2021-04-04 13:23:21.147","46","97","Sell"
"1","543","-544","2021-04-04 13:23:21.611","45","0","Buy"
"1","544","550","2021-04-04 13:23:23.047","45","22","Sell"
"1","545","551","2021-04-04 13:23:24.178","0","28","Buy"
"1","546","552","2021-04-04 13:23:24.552","45","93","Buy"
"1","547","-519","2021-04-04 13:23:24.668","46","0","Sell"
"1","548","-513","2021-04-04 13:23:25.865","46","0","Sell"
"1","549","555","2021-04-04 13:23:26.084","0","26","Sell"
"1","550","556","2021-04-04 13:23:26.610","47","35","Sell"
"1","551","557","2021-04-04 13:23:26.894","0","21","Buy"
"1","552","558","2021-04-04 13:23:27.551","45","82","Buy"
"1","553","559","2021-04-04 13:23:27.723","44","483","Buy"
"1","554","-540","2021-04-04 13:23:28.141","46","0","Sell"
"1","555","-410","2021-04-04 13:23:31.554","43","0","Buy"
"1","556","562","2021-04-04 13:23:32.324","0","21","Sell"
"1","557","563","2021-04-04 13:23:34.994","0","30","Sell"
"1","558","-478","2021-04-04 13:23:35.415","43","0","Buy"
"1","559","565","2021-04-04 13:23:35.728","45","26","Buy"
"1","560","566","2021-04-04 13:23:35.944","47","21","Sell"
"1","561","-566","2021-04-04 13:23:36.245","47","0","Sell"
"1","562","568","2021-04-04 13:23:36.265","47","27","Sell"
"1","563","-552","2021-04-04 13:23:36.595","45","0","Buy"
"1","564","570","2021-04-04 13:23:41.262","47","493","Sell"
"1","565","571","2021-04-04 13:23:42.147","46","59","Sell"
"1","566","-556","2021-04-04 13:23:44.173","47","0","Sell"
"1","567","-570","2021-04-04 13:23:45.081","47","0","Sell"
"1","568","574","2021-04-04 13:23:45.342","45","22","Buy"
"1","569","-568","2021-04-04 13:23:46.983","47","0","Sell"
"1","570","576","2021-04-04 13:23:47.782","44","21","Buy"
"1","571","577","2021-04-04 13:23:48.298","46","34","Sell"
"1","572","578","2021-04-04 13:23:48.455","47","59","Sell"
"1","573","579","2021-04-04 13:23:49.125","44","26","Buy"
"1","574","580","2021-04-04 13:23:49.357","46","30","Sell"
"1","575","-578","2021-04-04 13:23:52.767","47","0","Sell"
"1","576","-571","2021-04-04 13:23:54.826","46","0","Sell"
"1","577","583","2021-04-04 13:23:56.095","47","103","Sell"
"1","578","-565","2021-04-04 13:23:56.301","45","0","Buy"
"1","579","-583","2021-04-04 13:23:56.541","47","0","Sell"
"1","580","586","2021-04-04 13:23:56.826","45","114","Buy"
"1","581","587","2021-04-04 13:24:00.042","46","20","Sell"
"1","582","588","2021-04-04 13:24:03.894","45","26","Buy"
"1","583","589","2021-04-04 13:24:06.815","46","516","Sell"
"1","584","590","2021-04-04 13:24:08.523","45","25","Buy"
"1","585","-529","2021-04-04 13:24:08.742","42","0","Buy"
"1","586","592","2021-04-04 13:24:09.634","45","28","Buy"
"1","587","593","2021-04-04 13:24:10.776","44","30","Buy"
"1","588","-586","2021-04-04 13:24:11.194","45","0","Buy"
"1","589","595","2021-04-04 13:24:11.408","46","118","Sell"
"1","590","596","2021-04-04 13:24:11.950","44","567","Buy"
"1","591","-531","2021-04-04 13:24:13.008","46","0","Sell"
"1","592","-590","2021-04-04 13:24:13.497","45","0","Buy"
"1","593","600","2021-04-04 13:24:15.936","45","33","Buy"
"1","594","601","2021-04-04 13:24:17.385","45","57","Buy"
"1","595","-595","2021-04-04 13:24:19.977","46","0","Sell"
"1","596","-592","2021-04-04 13:24:20.140","45","0","Buy"
"1","597","-587","2021-04-04 13:24:21.387","46","0","Sell"
"1","598","606","2021-04-04 13:24:22.053","47","39","Sell"
"1","599","607","2021-04-04 13:24:24.291","0","103","Sell"
"1","600","608","2021-04-04 13:24:24.717","47","34","Sell"
"1","601","609","2021-04-04 13:24:25.445","46","26","Sell"
"1","602","610","2021-04-04 13:24:25.706","46","62","Sell"
"1","603","611","2021-04-04 13:24:26.439","45","158","Buy"
"1","604","612","2021-04-04 13:24:26.906","44","47","Buy"
"1","605","613","2021-04-04 13:24:27.423","45","52","Buy"
"1","606","614","2021-04-04 13:24:27.772","45","66","Buy"
"1","607","615","2021-04-04 13:24:27.832","46","24","Sell"
"1","608","616","2021-04-04 13:24:28.147","0","35","Buy"
"1","609","-539","2021-04-04 13:24:28.296","46","0","Sell"
"1","610","-612","2021-04-04 13:24:28.411","44","0","Buy"
"1","611","-579","2021-04-04 13:24:28.519","44","0","Buy"
"1","612","620","2021-04-04 13:24:28.544","47","64","Sell"
"1","613","621","2021-04-04 13:24:28.720","45","29","Buy"
"1","614","622","2021-04-04 13:24:29.266","44","22","Buy"
"1","615","623","2021-04-04 13:24:30.394","44","23","Buy"
"1","616","624","2021-04-04 13:24:30.674","46","31","Sell"
"1","617","625","2021-04-04 13:24:30.762","45","56","Buy"
"1","618","626","2021-04-04 13:24:30.901","47","43","Sell"
"1","619","-606","2021-04-04 13:24:31.015","47","0","Sell"
"1","620","628","2021-04-04 13:24:31.156","46","23","Sell"
"1","621","629","2021-04-04 13:24:31.283","44","20","Buy"
"1","622","-626","2021-04-04 13:24:31.414","47","0","Sell"
"1","623","-613","2021-04-04 13:24:31.676","45","0","Buy"
"1","624","-511","2021-04-04 13:24:32.520","46","0","Sell"
"1","625","633","2021-04-04 13:24:33.359","46","22","Sell"
"1","626","634","2021-04-04 13:24:34.133","46","113","Sell"
"1","627","-625","2021-04-04 13:24:34.681","45","0","Buy"
"1","628","636","2021-04-04 13:24:35.092","47","27","Sell"
"1","629","637","2021-04-04 13:24:35.309","44","26","Buy"
"1","630","-634","2021-04-04 13:24:35.553","46","0","Sell"
"1","631","639","2021-04-04 13:24:36.164","44","67","Buy"
"1","632","640","2021-04-04 13:24:36.784","44","21","Buy"
"1","633","-633","2021-04-04 13:24:37.683","46","0","Sell"
"1","634","-622","2021-04-04 13:24:38.348","44","0","Buy"
"1","635","643","2021-04-04 13:24:38.580","0","27","Sell"
"1","636","644","2021-04-04 13:24:38.639","45","36","Buy"
"1","637","645","2021-04-04 13:24:39.606","45","21","Buy"
"1","638","646","2021-04-04 13:24:39.889","46","26","Sell"
"1","639","-537","2021-04-04 13:24:40.706","46","0","Sell"
"1","640","-608","2021-04-04 13:24:42.149","47","0","Sell"
"1","641","649","2021-04-04 13:24:42.238","45","76","Buy"
"1","642","650","2021-04-04 13:24:42.874","46","249","Sell"
"1","643","-623","2021-04-04 13:24:43.531","44","0","Buy"
"1","644","-601","2021-04-04 13:24:43.753","45","0","Buy"
"1","645","653","2021-04-04 13:24:43.800","47","32","Sell"
"1","646","654","2021-04-04 13:24:45.789","47","65","Sell"
"1","647","-614","2021-04-04 13:24:46.079","45","0","Buy"
"1","648","656","2021-04-04 13:24:46.176","0","149","Buy"
"1","649","-502","2021-04-04 13:24:48.461","42","0","Buy"
"1","650","-624","2021-04-04 13:24:49.593","46","0","Sell"
"1","651","-628","2021-04-04 13:24:49.713","46","0","Sell"
"1","652","660","2021-04-04 13:24:49.885","0","28","Buy"
"1","653","661","2021-04-04 13:24:50.496","44","25","Buy"
"1","654","662","2021-04-04 13:24:50.713","45","68","Buy"
"1","655","663","2021-04-04 13:24:51.215","47","283","Sell"
"1","656","664","2021-04-04 13:24:52.098","44","24","Buy"
"1","657","-500","2021-04-04 13:24:52.377","43","0","Buy"
"1","658","666","2021-04-04 13:24:53.401","45","27","Buy"
"1","659","-589","2021-04-04 13:24:55.199","46","0","Sell"
"1","660","668","2021-04-04 13:24:55.944","45","30","Buy"
"1","661","669","2021-04-04 13:24:56.453","45","31","Buy"
"1","662","670","2021-04-04 13:24:57.933","44","338","Buy"
"1","663","671","2021-04-04 13:25:01.037","45","48","Buy"
"1","664","672","2021-04-04 13:25:03.774","47","88","Sell"
"1","665","673","2021-04-04 13:25:05.357","46","30","Sell"
"1","666","674","2021-04-04 13:25:10.792","45","44","Buy"
"1","667","-672","2021-04-04 13:25:10.902","47","0","Sell"
"1","668","676","2021-04-04 13:25:12.701","46","91","Sell"
"1","669","-620","2021-04-04 13:25:13.533","47","0","Sell"
"1","670","678","2021-04-04 13:25:13.773","45","32","Buy"
"1","671","679","2021-04-04 13:25:14.810","44","88","Buy"
"1","672","-610","2021-04-04 13:25:20.479","46","0","Sell"
"1","673","681","2021-04-04 13:25:22.435","47","34","Sell"
"1","674","682","2021-04-04 13:25:25.188","0","35","Sell"
"1","675","683","2021-04-04 13:25:26.026","47","37","Sell"
"1","676","-615","2021-04-04 13:25:26.311","46","0","Sell"
"1","677","685","2021-04-04 13:25:27.253","47","34","Sell"
"1","678","686","2021-04-04 13:25:32.821","0","21","Sell"
"1","679","687","2021-04-04 13:25:34.015","0","56","Sell"
"1","680","688","2021-04-04 13:25:34.341","45","4597","Buy"
"1","681","689","2021-04-04 13:25:35.158","44","43","Buy"
"1","682","690","2021-04-04 13:25:37.268","47","21","Sell"
"1","683","-673","2021-04-04 13:25:41.223","46","0","Sell"
"1","684","692","2021-04-04 13:25:41.331","0","28","Buy"
"1","685","693","2021-04-04 13:25:43.597","45","51","Buy"
"1","686","694","2021-04-04 13:25:43.910","47","22","Sell"
"1","687","695","2021-04-04 13:25:44.624","46","10962","Sell"
"1","688","696","2021-04-04 13:25:46.057","0","29","Sell"
"1","689","697","2021-04-04 13:25:47.495","0","32","Sell"
"1","690","698","2021-04-04 13:25:47.605","45","93","Buy"
"1","691","-494","2021-04-04 13:25:49.213","43","0","Buy"
"1","692","700","2021-04-04 13:25:49.758","0","40","Buy"
"1","693","701","2021-04-04 13:25:51.147","46","25","Sell"
"1","694","702","2021-04-04 13:25:51.227","47","21","Sell"
"1","695","703","2021-04-04 13:25:52.103","45","42","Buy"
"1","696","-650","2021-04-04 13:25:53.317","46","0","Sell"
"1","697","705","2021-04-04 13:25:56.149","0","20","Buy"
"1","698","-669","2021-04-04 13:26:01.078","45","0","Buy"
"1","699","707","2021-04-04 13:26:02.195","44","25","Buy"
"1","700","708","2021-04-04 13:26:09.726","45","96","Buy"
"1","701","709","2021-04-04 13:26:25.620","46","23","Sell"
"1","702","710","2021-04-04 13:26:25.632","47","30","Sell"
"1","703","711","2021-04-04 13:26:26.511","45","29","Buy"
"1","704","712","2021-04-04 13:26:31.014","44","1444","Buy"
"1","705","713","2021-04-04 13:26:31.038","45","47","Buy"
"1","706","-559","2021-04-04 13:26:32.943","44","0","Buy"
"1","707","715","2021-04-04 13:26:33.483","46","30","Sell"
"1","708","716","2021-04-04 13:26:35.716","0","23","Sell"
"1","709","717","2021-04-04 13:26:35.753","44","40","Buy"
"1","710","718","2021-04-04 13:26:36.082","45","796","Buy"
"1","711","719","2021-04-04 13:26:36.909","47","56","Sell"
"1","712","-576","2021-04-04 13:26:37.581","44","0","Buy"
"1","713","-701","2021-04-04 13:26:37.746","46","0","Sell"
"1","714","-654","2021-04-04 13:26:37.892","47","0","Sell"
"1","715","-479","2021-04-04 13:26:38.514","43","0","Buy"
"1","716","724","2021-04-04 13:26:38.534","45","48","Buy"
"1","717","725","2021-04-04 13:26:39.460","46","58","Sell"
"1","718","726","2021-04-04 13:26:39.856","45","82","Buy"
"1","719","-636","2021-04-04 13:26:40.395","47","0","Sell"
"1","720","728","2021-04-04 13:26:42.442","0","29","Buy"
"1","721","-674","2021-04-04 13:26:47.044","45","0","Buy"
