"OrderId","Price","Volume","DateTime"
"1","45","42","2021-03-24 18:09:35.068"
"5","50","35","2021-03-24 18:09:01.348"
"12","49","29","2021-03-24 18:09:44.186"
"26","47","15","2021-03-24 18:10:01.437"
"29","47","13","2021-03-24 18:10:05.604"
"37","48","26","2021-03-24 18:10:20.132"
"56","47","27","2021-03-24 18:12:58.376"
"67","48","29","2021-03-24 18:11:35.114"
"70","48","22","2021-03-24 18:13:34.006"
"81","47","21","2021-03-24 18:13:15.426"
"98","47","20","2021-03-24 18:13:46.678"
"108","47","25","2021-03-24 18:15:20.802"
"110","47","16","2021-03-24 18:15:23.860"
"113","47","24","2021-03-24 18:16:51.105"
"119","48","80","2021-03-24 18:17:02.038"
