"OrderId","ClientOrderId","Price","Volume","DateTime"
"1","2","49","36","2021-04-14 11:51:09.339"
"2","12","41","21","2021-04-14 11:51:31.665"
"3","20","43","22","2021-04-14 11:52:05.527"
"4","18","42","22","2021-04-14 11:52:05.528"
"5","21","42","53","2021-04-14 11:52:05.528"
"6","12","41","21","2021-04-14 11:52:05.528"
"7","9","40","20","2021-04-14 11:52:05.528"
"8","9","40","2","2021-04-14 11:52:15.675"
"9","17","40","28","2021-04-14 11:52:15.675"
"10","42","49","24","2021-04-14 11:52:37.556"
"11","13","50","24","2021-04-14 11:52:37.556"
"12","54","49","22","2021-04-14 11:52:38.119"
"13","13","50","7","2021-04-14 11:52:38.119"
"14","64","43","26","2021-04-14 11:52:43.527"
"15","63","49","36","2021-04-14 11:52:43.633"
"16","72","48","24","2021-04-14 11:52:47.033"
"17","64","43","105","2021-04-14 11:52:47.857"
"18","69","42","24","2021-04-14 11:53:00.018"
"19","122","45","58","2021-04-14 11:54:08.726"
"20","122","45","67","2021-04-14 11:54:19.835"
"21","125","45","42","2021-04-14 11:54:19.836"
"22","127","45","22","2021-04-14 11:54:19.836"
"23","112","44","20","2021-04-14 11:54:19.836"
"24","114","44","105","2021-04-14 11:54:19.836"
"25","115","44","29","2021-04-14 11:54:19.836"
"26","124","44","99","2021-04-14 11:54:19.836"
"27","109","43","46","2021-04-14 11:54:19.836"
"28","71","42","15","2021-04-14 11:54:19.836"
"29","123","46","35","2021-04-14 11:54:21.008"
"30","128","46","45","2021-04-14 11:54:21.008"
"31","84","47","5","2021-04-14 11:54:21.008"
"32","84","47","57","2021-04-14 11:54:29.248"
"33","86","47","25","2021-04-14 11:54:29.248"
"34","103","47","120","2021-04-14 11:54:29.248"
"35","139","44","38","2021-04-14 11:54:53.210"
"36","132","43","25","2021-04-14 11:54:53.210"
"37","154","44","27","2021-04-14 11:55:03.261"
"38","153","45","2","2021-04-14 11:55:03.261"
"39","161","44","30","2021-04-14 11:55:29.112"
"40","180","43","20","2021-04-14 11:55:40.459"
"41","180","43","4","2021-04-14 11:55:45.773"
"42","161","44","57","2021-04-14 11:55:45.773"
"43","167","44","42","2021-04-14 11:55:48.321"
"44","196","37","57","2021-04-14 11:56:22.332"
"45","213","41","42","2021-04-14 11:56:28.576"
"46","223","37","22","2021-04-14 11:57:12.695"
"47","222","41","49","2021-04-14 11:57:12.830"
"48","197","42","37","2021-04-14 11:57:12.830"
"49","219","42","45","2021-04-14 11:57:12.830"
"50","194","43","27","2021-04-14 11:57:12.830"
"51","207","43","68","2021-04-14 11:57:12.830"
"52","231","44","78","2021-04-14 11:57:45.611"
"53","231","44","10","2021-04-14 11:57:46.842"
"54","245","44","44","2021-04-14 11:57:46.842"
"55","239","43","46","2021-04-14 11:58:02.635"
"56","239","43","18","2021-04-14 11:58:48.050"
"57","244","43","17","2021-04-14 11:58:48.050"
"58","244","43","7","2021-04-14 11:58:53.309"
"59","262","43","16","2021-04-14 11:58:53.309"
"60","245","44","10","2021-04-14 11:59:01.999"
"61","270","44","26","2021-04-14 11:59:01.999"
"62","270","44","61","2021-04-14 11:59:02.473"
"63","262","43","31","2021-04-14 11:59:04.109"
"64","262","43","20","2021-04-14 11:59:04.737"
"65","286","43","25","2021-04-14 11:59:04.737"
"66","286","43","4","2021-04-14 11:59:04.832"
"67","295","43","16","2021-04-14 11:59:04.832"
"68","308","44","22","2021-04-14 11:59:26.782"
"69","314","44","4","2021-04-14 11:59:26.782"
"70","295","43","17","2021-04-14 11:59:28.502"
"71","261","42","23","2021-04-14 11:59:28.502"
"72","265","42","30","2021-04-14 11:59:28.502"
"73","279","42","136","2021-04-14 11:59:28.502"
"74","279","42","21","2021-04-14 11:59:46.776"
"75","332","43","60","2021-04-14 11:59:50.804"
"76","332","43","28","2021-04-14 11:59:56.303"
"77","339","43","7","2021-04-14 11:59:56.303"
"78","339","43","58","2021-04-14 12:00:17.225"
"79","344","43","1","2021-04-14 12:00:17.225"
"80","303","42","31","2021-04-14 12:00:34.823"
"81","307","42","22","2021-04-14 12:00:34.824"
"82","316","42","53","2021-04-14 12:00:34.824"
"83","348","42","16","2021-04-14 12:00:34.824"
"84","357","43","21","2021-04-14 12:00:47.938"
"85","314","44","18","2021-04-14 12:00:47.938"
"86","318","44","23","2021-04-14 12:00:47.938"
"87","321","44","15","2021-04-14 12:00:47.938"
"88","348","42","9","2021-04-14 12:00:56.767"
"89","386","42","22","2021-04-14 12:00:56.767"
"90","385","43","25","2021-04-14 12:01:02.152"
"91","321","44","64","2021-04-14 12:01:02.152"
"92","349","44","25","2021-04-14 12:01:02.152"
"93","367","44","22","2021-04-14 12:01:02.152"
"94","371","44","21","2021-04-14 12:01:02.152"
"95","384","44","106","2021-04-14 12:01:02.152"
"96","391","44","41","2021-04-14 12:01:02.152"
"97","267","45","28","2021-04-14 12:01:02.152"
"98","402","47","21","2021-04-14 12:01:05.684"
"99","403","44","25","2021-04-14 12:01:18.141"
"100","402","47","20","2021-04-14 12:01:26.046"
"101","422","44","47","2021-04-14 12:01:34.373"
"102","399","43","22","2021-04-14 12:01:34.373"
"103","333","41","37","2021-04-14 12:01:34.373"
"104","372","41","49","2021-04-14 12:01:34.373"
"105","381","41","40","2021-04-14 12:01:34.373"
"106","397","41","31","2021-04-14 12:01:34.373"
"107","426","46","29","2021-04-14 12:01:42.179"
"108","402","47","3","2021-04-14 12:01:42.179"
"109","409","47","25","2021-04-14 12:01:42.179"
"110","428","47","8","2021-04-14 12:01:42.179"
"111","428","47","23","2021-04-14 12:01:49.205"
"112","432","47","14","2021-04-14 12:01:49.205"
"113","449","44","35","2021-04-14 12:02:05.490"
"114","429","43","4","2021-04-14 12:02:05.490"
"115","452","46","22","2021-04-14 12:02:23.079"
"116","455","45","50","2021-04-14 12:02:32.697"
"117","452","46","8","2021-04-14 12:02:32.697"
"118","432","47","16","2021-04-14 12:02:32.698"
"119","434","47","29","2021-04-14 12:02:32.698"
"120","437","47","29","2021-04-14 12:02:32.698"
"121","400","48","4","2021-04-14 12:02:32.698"
"122","400","48","93","2021-04-14 12:02:41.237"
"123","454","44","151","2021-04-14 12:02:53.164"
"124","467","43","41","2021-04-14 12:02:53.164"
"125","406","48","53","2021-04-14 12:02:55.652"
"126","484","40","29","2021-04-14 12:03:06.710"
"127","485","40","24","2021-04-14 12:03:06.710"
"128","487","39","28","2021-04-14 12:03:06.710"
"129","491","42","21","2021-04-14 12:03:09.741"
"130","491","42","21","2021-04-14 12:03:14.369"
"131","508","40","30","2021-04-14 12:03:21.311"
"132","506","41","47","2021-04-14 12:03:21.311"
"133","491","42","23","2021-04-14 12:03:21.311"
"134","514","33","22","2021-04-14 12:03:42.471"
"135","514","33","1","2021-04-14 12:03:53.615"
"136","516","33","70","2021-04-14 12:03:53.615"
"137","541","41","24","2021-04-14 12:03:56.669"
"138","540","34","24","2021-04-14 12:03:57.623"
"139","557","40","25","2021-04-14 12:04:04.806"
"140","554","41","11","2021-04-14 12:04:04.806"
"141","559","36","36","2021-04-14 12:04:06.719"
"142","534","42","22","2021-04-14 12:04:07.529"
"143","565","36","64","2021-04-14 12:04:12.962"
"144","565","36","118","2021-04-14 12:04:15.613"
"145","595","38","28","2021-04-14 12:05:04.921"
"146","608","38","1","2021-04-14 12:05:04.921"
"147","617","39","39","2021-04-14 12:05:08.771"
"148","622","39","21","2021-04-14 12:05:08.771"
"149","616","40","24","2021-04-14 12:05:08.771"
"150","578","41","7","2021-04-14 12:05:08.771"
"151","608","38","23","2021-04-14 12:05:19.221"
"152","618","38","35","2021-04-14 12:05:19.221"
"153","620","38","44","2021-04-14 12:05:19.221"
"154","621","38","32","2021-04-14 12:05:19.221"
"155","629","38","65","2021-04-14 12:05:19.221"
"156","630","38","21","2021-04-14 12:05:19.221"
"157","636","38","26","2021-04-14 12:05:19.221"
"158","600","37","184","2021-04-14 12:05:19.221"
"159","641","40","25","2021-04-14 12:05:26.807"
"160","585","41","41","2021-04-14 12:05:30.527"
"161","633","41","20","2021-04-14 12:05:30.527"
"162","643","41","63","2021-04-14 12:05:30.527"
"163","660","41","36","2021-04-14 12:05:30.527"
"164","661","41","25","2021-04-14 12:05:30.527"
"165","613","42","22","2021-04-14 12:05:30.527"
"166","615","42","304","2021-04-14 12:05:30.527"
"167","675","41","22","2021-04-14 12:06:05.816"
"168","675","41","10","2021-04-14 12:06:13.443"
"169","676","41","17","2021-04-14 12:06:13.443"
"170","676","41","57","2021-04-14 12:06:14.633"
"171","678","41","22","2021-04-14 12:06:14.633"
"172","681","41","30","2021-04-14 12:06:14.633"
"173","688","43","35","2021-04-14 12:06:21.968"
"174","690","43","27","2021-04-14 12:06:21.968"
"175","692","43","306","2021-04-14 12:06:21.968"
"176","697","43","33","2021-04-14 12:06:21.968"
"177","522","44","24","2021-04-14 12:06:21.968"
"178","700","42","28","2021-04-14 12:06:26.687"
"179","681","41","13","2021-04-14 12:06:26.687"
"180","681","41","23","2021-04-14 12:06:28.121"
"181","685","41","26","2021-04-14 12:06:28.121"
"182","702","43","110","2021-04-14 12:06:30.394"
"183","701","44","20","2021-04-14 12:06:30.394"
"184","709","46","25","2021-04-14 12:06:36.776"
"185","720","45","83","2021-04-14 12:07:16.345"
"186","732","52","28","2021-04-14 12:07:23.082"
"187","716","53","17","2021-04-14 12:07:23.082"
"188","725","46","30","2021-04-14 12:07:52.909"
"189","738","46","8","2021-04-14 12:07:52.909"
"190","738","46","89","2021-04-14 12:07:56.181"
"191","747","47","53","2021-04-14 12:08:13.071"
"192","738","46","35","2021-04-14 12:08:34.970"
"193","771","50","32","2021-04-14 12:08:52.588"
"194","749","54","29","2021-04-14 12:09:25.621"
"195","759","47","30","2021-04-14 12:09:32.402"
"196","767","47","7","2021-04-14 12:09:32.403"
"197","791","53","20","2021-04-14 12:09:38.389"
"198","807","50","28","2021-04-14 12:10:12.260"
"199","821","51","29","2021-04-14 12:10:38.757"
"200","807","50","20","2021-04-14 12:10:49.231"
"201","819","53","46","2021-04-14 12:10:49.694"
"202","837","52","26","2021-04-14 12:10:50.656"
"203","833","53","23","2021-04-14 12:10:50.656"
"204","793","54","11","2021-04-14 12:10:50.656"
"205","793","54","20","2021-04-14 12:10:51.434"
"206","807","50","51","2021-04-14 12:10:56.731"
"207","807","50","22","2021-04-14 12:11:04.369"
"208","813","54","43","2021-04-14 12:11:04.436"
"209","807","50","20","2021-04-14 12:11:04.906"
"210","822","50","37","2021-04-14 12:11:04.906"
"211","826","50","41","2021-04-14 12:11:04.906"
"212","828","50","11","2021-04-14 12:11:04.906"
"213","813","54","31","2021-04-14 12:11:05.611"
"214","860","51","21","2021-04-14 12:11:07.593"
"215","828","50","8","2021-04-14 12:11:07.593"
"216","871","50","64","2021-04-14 12:11:25.833"
"217","877","50","20","2021-04-14 12:11:25.833"
"218","803","49","34","2021-04-14 12:11:25.833"
"219","844","49","28","2021-04-14 12:11:25.833"
"220","800","47","99","2021-04-14 12:11:25.833"
"221","753","46","2","2021-04-14 12:11:25.833"
"222","753","46","22","2021-04-14 12:11:29.692"
"223","718","44","38","2021-04-14 12:11:29.692"
"224","719","43","31","2021-04-14 12:11:42.256"
"225","719","43","26","2021-04-14 12:11:45.147"
"226","891","48","53","2021-04-14 12:11:46.518"
"227","886","49","23","2021-04-14 12:11:46.518"
"228","886","49","6","2021-04-14 12:11:48.472"
"229","881","50","22","2021-04-14 12:11:48.473"
"230","879","51","16","2021-04-14 12:11:48.473"
"231","879","51","24","2021-04-14 12:11:48.905"
"232","879","51","24","2021-04-14 12:11:55.812"
"233","915","44","22","2021-04-14 12:12:01.056"
"234","719","43","1","2021-04-14 12:12:01.056"
"235","926","51","24","2021-04-14 12:12:07.284"
"236","904","52","26","2021-04-14 12:12:07.284"
"237","938","51","23","2021-04-14 12:12:17.073"
"238","938","51","29","2021-04-14 12:12:17.074"
"239","946","44","29","2021-04-14 12:12:33.843"
"240","950","44","25","2021-04-14 12:12:33.843"
"241","719","43","13","2021-04-14 12:12:33.843"
"242","932","42","11","2021-04-14 12:12:33.843"
"243","942","49","27","2021-04-14 12:12:37.928"
"244","945","49","10","2021-04-14 12:12:37.928"
"245","945","49","24","2021-04-14 12:12:39.180"
"246","951","49","27","2021-04-14 12:12:39.180"
"247","962","48","26","2021-04-14 12:12:42.853"
"248","951","49","18","2021-04-14 12:12:42.853"
"249","959","43","21","2021-04-14 12:12:44.304"
"250","932","42","143","2021-04-14 12:12:44.304"
"251","936","42","16","2021-04-14 12:12:44.304"
"252","967","48","23","2021-04-14 12:13:05.801"
"253","967","48","25","2021-04-14 12:13:42.451"
"254","975","46","79","2021-04-14 12:13:46.364"
"255","971","45","74","2021-04-14 12:13:46.364"
"256","977","45","22","2021-04-14 12:13:46.364"
"257","970","44","31","2021-04-14 12:13:46.364"
"258","974","44","22","2021-04-14 12:13:46.364"
"259","966","43","36","2021-04-14 12:13:46.364"
"260","936","42","36","2021-04-14 12:13:46.364"
"261","967","48","12","2021-04-14 12:13:49.423"
"262","951","49","1","2021-04-14 12:13:49.423"
"263","982","49","29","2021-04-14 12:13:49.423"
"264","984","49","40","2021-04-14 12:13:49.423"
"265","941","50","36","2021-04-14 12:13:49.423"
"266","956","50","30","2021-04-14 12:13:49.423"
"267","957","50","35","2021-04-14 12:13:49.423"
"268","993","50","23","2021-04-14 12:13:58.530"
"269","938","51","25","2021-04-14 12:14:11.293"
"270","997","44","29","2021-04-14 12:14:11.389"
"271","995","43","3","2021-04-14 12:14:11.389"
"272","995","43","46","2021-04-14 12:14:13.330"
"273","1017","48","27","2021-04-14 12:14:19.665"
"274","1013","49","6","2021-04-14 12:14:19.665"
"275","1062","48","23","2021-04-14 12:14:54.548"
"276","1065","47","30","2021-04-14 12:15:00.414"
"277","1065","47","25","2021-04-14 12:15:17.720"
"278","1046","45","21","2021-04-14 12:15:23.754"
"279","1048","45","20","2021-04-14 12:15:23.754"
"280","1052","45","4","2021-04-14 12:15:23.754"
"281","1090","45","25","2021-04-14 12:16:30.508"
"282","1090","45","20","2021-04-14 12:16:34.122"
"283","1097","45","7","2021-04-14 12:16:34.122"
"284","1106","45","31","2021-04-14 12:16:50.820"
"285","1076","46","22","2021-04-14 12:16:53.221"
"286","1100","46","25","2021-04-14 12:16:53.221"
"287","1065","47","1267","2021-04-14 12:16:53.221"
"288","1093","47","147","2021-04-14 12:16:53.221"
"289","1094","47","69","2021-04-14 12:16:53.221"
"290","1095","47","50","2021-04-14 12:16:53.221"
"291","1096","47","21","2021-04-14 12:16:53.221"
"292","1062","48","154","2021-04-14 12:16:53.221"
"293","1036","49","26","2021-04-14 12:16:53.221"
"294","1037","49","29","2021-04-14 12:16:53.221"
"295","1063","49","40","2021-04-14 12:16:53.221"
"296","938","51","141","2021-04-14 12:16:53.221"
"297","919","52","25","2021-04-14 12:16:53.221"
"298","1116","52","53","2021-04-14 12:17:19.400"
"299","1121","53","10","2021-04-14 12:17:19.400"
"300","1128","52","26","2021-04-14 12:17:30.798"
"301","1127","46","33","2021-04-14 12:17:34.994"
"302","1120","45","2","2021-04-14 12:17:34.994"
"303","1120","45","45","2021-04-14 12:17:35.444"
"304","1056","44","112","2021-04-14 12:17:35.444"
"305","1128","52","357","2021-04-14 12:17:40.466"
"306","1145","52","20","2021-04-14 12:18:22.763"
"307","1163","51","38","2021-04-14 12:18:29.857"
"308","1163","51","22","2021-04-14 12:18:38.591"
"309","1145","52","27","2021-04-14 12:18:46.018"
"310","1132","53","23","2021-04-14 12:19:02.687"
"311","1137","53","16","2021-04-14 12:19:02.687"
"312","1184","46","21","2021-04-14 12:19:06.188"
"313","1175","45","1","2021-04-14 12:19:06.188"
"314","1197","46","29","2021-04-14 12:19:14.045"
"315","1175","45","24","2021-04-14 12:19:24.330"
"316","1213","52","20","2021-04-14 12:19:33.377"
"317","1137","53","10","2021-04-14 12:19:33.377"
"318","1140","53","60","2021-04-14 12:19:33.377"
"319","1183","53","22","2021-04-14 12:19:33.377"
"320","1196","53","108","2021-04-14 12:19:33.377"
"321","1196","53","25","2021-04-14 12:19:34.240"
"322","1253","45","22","2021-04-14 12:19:57.005"
"323","1256","47","23","2021-04-14 12:19:59.576"
"324","1247","48","1","2021-04-14 12:19:59.576"
"325","1260","46","20","2021-04-14 12:20:11.196"
"326","1289","53","21","2021-04-14 12:20:16.715"
"327","1253","45","21","2021-04-14 12:20:17.691"
"328","1309","46","21","2021-04-14 12:20:23.095"
"329","1307","45","29","2021-04-14 12:20:31.829"
"330","1326","51","41","2021-04-14 12:20:40.935"
"331","1289","53","33","2021-04-14 12:20:40.935"
"332","1289","53","45","2021-04-14 12:20:41.576"
"333","1341","47","23","2021-04-14 12:20:50.753"
"334","1341","47","31","2021-04-14 12:20:52.290"
"335","1337","46","5","2021-04-14 12:20:52.290"
"336","1349","52","122","2021-04-14 12:21:00.482"
"337","1289","53","62","2021-04-14 12:21:00.482"
"338","1289","53","24","2021-04-14 12:21:20.902"
"339","1289","53","212","2021-04-14 12:21:25.835"
"340","1344","54","43","2021-04-14 12:21:25.835"
"341","1364","51","22","2021-04-14 12:21:35.647"
"342","1366","54","30","2021-04-14 12:21:47.249"
"343","1389","52","51","2021-04-14 12:22:36.059"
"344","1384","51","25","2021-04-14 12:22:36.059"
"345","1360","50","85","2021-04-14 12:22:36.059"
"346","1370","50","33","2021-04-14 12:22:36.059"
"347","1387","50","59","2021-04-14 12:22:36.059"
"348","1352","49","48","2021-04-14 12:22:36.059"
"349","1401","51","34","2021-04-14 12:22:44.405"
"350","1401","51","59","2021-04-14 12:23:07.751"
"351","1401","51","97","2021-04-14 12:23:07.808"
"352","1401","51","28","2021-04-14 12:23:17.095"
"353","1413","51","48","2021-04-14 12:23:17.095"
"354","1352","49","35","2021-04-14 12:23:44.251"
"355","1443","50","26","2021-04-14 12:24:01.397"
"356","1352","49","20","2021-04-14 12:24:03.684"
"357","1466","50","24","2021-04-14 12:24:40.081"
"358","1470","50","37","2021-04-14 12:24:40.081"
"359","1439","51","55","2021-04-14 12:24:40.081"
"360","1474","50","25","2021-04-14 12:24:43.151"
"361","1439","51","27","2021-04-14 12:24:43.905"
"362","1440","51","106","2021-04-14 12:24:43.905"
"363","1474","50","37","2021-04-14 12:24:50.548"
"364","1474","50","7","2021-04-14 12:25:21.253"
"365","1487","50","56","2021-04-14 12:25:21.253"
"366","1494","50","24","2021-04-14 12:25:21.253"
"367","1445","49","24","2021-04-14 12:25:27.488"
"368","1495","49","24","2021-04-14 12:25:33.311"
"369","1424","48","10","2021-04-14 12:25:33.311"
"370","1510","50","41","2021-04-14 12:25:43.365"
"371","1514","49","24","2021-04-14 12:25:47.181"
"372","1424","48","23","2021-04-14 12:25:47.181"
"373","1510","50","24","2021-04-14 12:26:13.503"
"374","1515","50","108","2021-04-14 12:26:13.503"
"375","1528","49","24","2021-04-14 12:27:02.699"
"376","1535","49","20","2021-04-14 12:27:02.699"
"377","1515","50","72","2021-04-14 12:27:03.717"
"378","1538","49","43","2021-04-14 12:27:52.411"
"379","1546","49","115","2021-04-14 12:27:52.411"
"380","1550","49","33","2021-04-14 12:27:52.411"
"381","1551","49","73","2021-04-14 12:27:52.411"
"382","1556","49","22","2021-04-14 12:27:52.411"
"383","1557","49","109","2021-04-14 12:27:52.411"
"384","1558","49","33","2021-04-14 12:27:52.411"
"385","1559","49","71","2021-04-14 12:27:52.411"
"386","1424","48","63","2021-04-14 12:27:52.412"
"387","1554","50","21","2021-04-14 12:28:15.891"
"388","1440","51","39","2021-04-14 12:28:15.891"
"389","1440","51","207","2021-04-14 12:28:21.150"
"390","1440","51","77","2021-04-14 12:28:24.114"
"391","1440","51","166","2021-04-14 12:28:32.674"
"392","1585","50","60","2021-04-14 12:28:41.383"
"393","1585","50","17","2021-04-14 12:28:41.877"
"394","1580","49","84","2021-04-14 12:28:41.877"
"395","1500","48","25","2021-04-14 12:28:41.877"
"396","1533","48","34","2021-04-14 12:28:41.877"
"397","1549","48","160","2021-04-14 12:28:41.877"
"398","1560","48","30","2021-04-14 12:28:41.877"
"399","1582","48","26","2021-04-14 12:28:41.877"
"400","1583","48","21","2021-04-14 12:28:41.877"
"401","1509","47","22","2021-04-14 12:28:41.877"
"402","1511","47","32","2021-04-14 12:28:41.877"
"403","1512","47","31","2021-04-14 12:28:41.877"
"404","1513","47","76","2021-04-14 12:28:41.877"
"405","1526","47","81","2021-04-14 12:28:41.877"
"406","1526","47","33","2021-04-14 12:28:42.140"
"407","1440","51","39","2021-04-14 12:28:42.970"
"408","1440","51","75","2021-04-14 12:28:43.906"
"409","1609","50","34","2021-04-14 12:29:13.735"
"410","1440","51","44","2021-04-14 12:29:18.491"
"411","1625","44","50","2021-04-14 12:29:24.065"
"412","1620","43","4","2021-04-14 12:29:24.065"
"413","1440","51","23","2021-04-14 12:29:26.007"
"414","1565","51","39","2021-04-14 12:29:33.124"
"415","1633","45","41","2021-04-14 12:29:36.004"
"416","1650","46","36","2021-04-14 12:29:52.477"
"417","1633","45","228","2021-04-14 12:29:52.477"
"418","1651","45","31","2021-04-14 12:29:52.477"
"419","1632","44","51","2021-04-14 12:29:52.477"
"420","1638","44","25","2021-04-14 12:29:52.477"
"421","1641","44","31","2021-04-14 12:29:52.477"
"422","1646","44","39","2021-04-14 12:29:52.477"
"423","1620","43","38","2021-04-14 12:29:52.477"
"424","1602","42","50","2021-04-14 12:29:52.477"
"425","1622","42","41","2021-04-14 12:29:52.477"
"426","1630","42","29","2021-04-14 12:29:52.477"
"427","1631","42","58","2021-04-14 12:29:52.477"
"428","1613","41","68","2021-04-14 12:29:52.477"
"429","1667","44","25","2021-04-14 12:29:59.740"
"430","1667","44","29","2021-04-14 12:30:04.878"
"431","1663","43","41","2021-04-14 12:30:04.878"
"432","1648","49","76","2021-04-14 12:30:08.097"
"433","1664","49","6","2021-04-14 12:30:08.097"
"434","1661","42","45","2021-04-14 12:30:11.119"
"435","1661","42","47","2021-04-14 12:30:11.236"
"436","1679","41","68","2021-04-14 12:30:11.790"
"437","1649","50","23","2021-04-14 12:30:12.058"
"438","1684","49","25","2021-04-14 12:30:24.308"
"439","1688","49","50","2021-04-14 12:30:24.308"
"440","1691","49","9","2021-04-14 12:30:24.308"
"441","1691","49","18","2021-04-14 12:30:27.529"
"442","1685","48","32","2021-04-14 12:30:27.530"
"443","1697","49","46","2021-04-14 12:30:27.932"
"444","1685","48","2","2021-04-14 12:30:27.932"
"445","1704","49","61","2021-04-14 12:30:44.321"
"446","1707","49","54","2021-04-14 12:30:44.321"
"447","1708","49","26","2021-04-14 12:30:44.321"
"448","1649","50","25","2021-04-14 12:30:52.528"
"449","1605","51","78","2021-04-14 12:30:52.528"
"450","1719","50","23","2021-04-14 12:31:00.014"
"451","1720","50","21","2021-04-14 12:31:00.014"
"452","1695","51","28","2021-04-14 12:31:00.014"
"453","1733","50","56","2021-04-14 12:31:09.748"
"454","1708","49","5","2021-04-14 12:31:09.748"
"455","1741","50","29","2021-04-14 12:31:29.843"
"456","1750","58","24","2021-04-14 12:31:35.973"
"457","1750","58","2","2021-04-14 12:31:36.967"
"458","1738","60","18","2021-04-14 12:31:36.967"
"459","1752","51","109","2021-04-14 12:31:40.484"
"460","1765","54","32","2021-04-14 12:31:58.413"
"461","1765","54","135","2021-04-14 12:32:25.589"
"462","1759","53","23","2021-04-14 12:32:25.589"
"463","1774","53","16","2021-04-14 12:32:25.589"
"464","1774","53","28","2021-04-14 12:32:25.606"
"465","1775","53","29","2021-04-14 12:32:25.606"
"466","1757","52","21","2021-04-14 12:32:25.606"
"467","1762","52","31","2021-04-14 12:32:25.606"
"468","1764","52","33","2021-04-14 12:32:25.606"
"469","1752","51","16","2021-04-14 12:32:25.606"
"470","1758","51","23","2021-04-14 12:32:25.606"
"471","1741","50","34","2021-04-14 12:32:25.606"
"472","1737","49","24","2021-04-14 12:32:25.606"
"473","1744","49","57","2021-04-14 12:32:25.606"
"474","1744","49","64","2021-04-14 12:32:27.945"
"475","1692","48","45","2021-04-14 12:32:27.945"
"476","1807","49","28","2021-04-14 12:33:41.020"
"477","1807","49","106","2021-04-14 12:33:47.455"
"478","1800","53","54","2021-04-14 12:33:53.654"
"479","1795","54","102","2021-04-14 12:33:53.654"
"480","1802","54","33","2021-04-14 12:33:53.654"
"481","1806","54","26","2021-04-14 12:33:53.654"
"482","1778","56","121","2021-04-14 12:33:53.654"
"483","1786","56","1","2021-04-14 12:33:53.654"
"484","1786","56","24","2021-04-14 12:34:09.616"
"485","1776","57","9","2021-04-14 12:34:09.616"
"486","1866","54","34","2021-04-14 12:35:29.159"
"487","1870","54","14","2021-04-14 12:35:29.159"
"488","1859","55","54","2021-04-14 12:35:32.660"
"489","1878","55","21","2021-04-14 12:35:34.871"
"490","1870","54","9","2021-04-14 12:35:40.062"
"491","1872","54","30","2021-04-14 12:35:40.062"
"492","1878","55","23","2021-04-14 12:35:41.419"
"493","1872","54","27","2021-04-14 12:35:56.208"
"494","1875","54","1","2021-04-14 12:35:56.208"
"495","1875","54","157","2021-04-14 12:35:57.398"
"496","1852","53","28","2021-04-14 12:36:09.844"
"497","1893","53","25","2021-04-14 12:36:09.844"
"498","1900","53","5","2021-04-14 12:36:09.844"
"499","1901","55","24","2021-04-14 12:36:22.604"
"500","1858","56","49","2021-04-14 12:37:09.480"
"501","1854","57","206","2021-04-14 12:37:09.480"
"502","1899","57","136","2021-04-14 12:37:09.480"
"503","1899","57","10","2021-04-14 12:37:12.709"
"504","1919","57","19","2021-04-14 12:37:12.709"
"505","1919","57","19","2021-04-14 12:37:18.657"
"506","1924","57","14","2021-04-14 12:37:18.657"
"507","1942","55","24","2021-04-14 12:37:55.526"
"508","1942","55","66","2021-04-14 12:37:57.427"
"509","1842","58","33","2021-04-14 12:38:11.379"
"510","1927","58","21","2021-04-14 12:38:11.379"
"511","1930","58","176","2021-04-14 12:38:11.379"
"512","1973","57","22","2021-04-14 12:39:41.257"
"513","1930","58","49","2021-04-14 12:40:12.311"
"514","1992","57","35","2021-04-14 12:40:13.229"
"515","1997","57","25","2021-04-14 12:40:13.229"
"516","1961","56","25","2021-04-14 12:40:13.229"
"517","2008","57","22","2021-04-14 12:40:26.312"
"518","2014","57","31","2021-04-14 12:40:26.312"
"519","2023","57","41","2021-04-14 12:40:26.312"
"520","2006","56","49","2021-04-14 12:40:30.788"
"521","2021","56","131","2021-04-14 12:40:30.788"
"522","2021","56","31","2021-04-14 12:40:31.899"
"523","1930","58","21","2021-04-14 12:40:42.871"
"524","1930","58","21","2021-04-14 12:40:43.360"
"525","1930","58","25","2021-04-14 12:40:43.732"
"526","2045","56","20","2021-04-14 12:40:47.271"
"527","1942","55","8","2021-04-14 12:40:47.271"
"528","1942","55","15","2021-04-14 12:40:49.827"
"529","1956","55","6","2021-04-14 12:40:49.827"
"530","1930","58","48","2021-04-14 12:40:59.563"
"531","2064","56","143","2021-04-14 12:41:00.575"
"532","1930","58","62","2021-04-14 12:41:01.169"
"533","2013","55","36","2021-04-14 12:41:05.772"
"534","2030","55","6","2021-04-14 12:41:05.772"
"535","2030","55","22","2021-04-14 12:41:09.563"
"536","2030","55","21","2021-04-14 12:41:27.552"
"537","2086","55","3","2021-04-14 12:41:27.552"
"538","2086","55","21","2021-04-14 12:41:28.603"
"539","2092","55","4","2021-04-14 12:41:28.603"
"540","2092","55","16","2021-04-14 12:41:30.289"
"541","2103","55","73","2021-04-14 12:41:30.289"
"542","2084","56","35","2021-04-14 12:41:30.348"
"543","1944","54","23","2021-04-14 12:41:40.135"
"544","1947","54","14","2021-04-14 12:41:40.135"
"545","2125","55","24","2021-04-14 12:41:55.265"
"546","1947","54","1","2021-04-14 12:41:55.265"
"547","1947","54","12","2021-04-14 12:42:02.121"
"548","2063","54","21","2021-04-14 12:42:02.121"
"549","2072","54","46","2021-04-14 12:42:02.121"
"550","2072","54","13","2021-04-14 12:42:02.292"
"551","2077","54","8","2021-04-14 12:42:02.292"
"552","2077","54","32","2021-04-14 12:42:04.423"
"553","2078","54","31","2021-04-14 12:42:04.423"
"554","2082","54","32","2021-04-14 12:42:04.423"
"555","2083","54","26","2021-04-14 12:42:04.423"
"556","2085","54","25","2021-04-14 12:42:04.423"
"557","2133","54","45","2021-04-14 12:42:04.423"
"558","1900","53","20","2021-04-14 12:42:05.202"
"559","1900","53","5","2021-04-14 12:42:07.082"
"560","1920","53","21","2021-04-14 12:42:07.082"
"561","2116","53","21","2021-04-14 12:42:07.082"
"562","2118","53","38","2021-04-14 12:42:07.082"
"563","2119","53","39","2021-04-14 12:42:07.082"
"564","2121","53","85","2021-04-14 12:42:07.082"
"565","2139","53","85","2021-04-14 12:42:07.082"
"566","2154","48","34","2021-04-14 12:42:09.928"
"567","2155","48","21","2021-04-14 12:42:09.928"
"568","2156","48","24","2021-04-14 12:42:09.928"
"569","2174","52","37","2021-04-14 12:42:22.824"
"570","2170","44","23","2021-04-14 12:42:26.925"
"571","2196","52","39","2021-04-14 12:43:14.220"
"572","2196","52","23","2021-04-14 12:43:26.337"
"573","2196","52","23","2021-04-14 12:43:26.551"
"574","2252","49","22","2021-04-14 12:44:06.145"
"575","2274","49","28","2021-04-14 12:44:18.244"
"576","2244","50","23","2021-04-14 12:44:18.244"
"577","2276","50","21","2021-04-14 12:44:20.568"
"578","2246","51","42","2021-04-14 12:44:20.568"
"579","2251","48","34","2021-04-14 12:44:24.285"
"580","2258","48","4","2021-04-14 12:44:24.285"
"581","2284","50","23","2021-04-14 12:44:36.793"
"582","2246","51","3","2021-04-14 12:44:36.793"
"583","2280","49","28","2021-04-14 12:44:37.002"
"584","2258","48","27","2021-04-14 12:44:39.776"
"585","2258","48","11","2021-04-14 12:44:41.912"
"586","2263","48","34","2021-04-14 12:44:41.912"
"587","2263","48","26","2021-04-14 12:45:07.757"
"588","2290","50","20","2021-04-14 12:45:16.325"
"589","2298","49","23","2021-04-14 12:45:17.705"
"590","2290","50","21","2021-04-14 12:45:37.302"
"591","2299","50","7","2021-04-14 12:45:37.302"
"592","2246","51","93","2021-04-14 12:45:46.579"
"593","2312","50","25","2021-04-14 12:45:49.063"
"594","2246","51","44","2021-04-14 12:45:51.234"
"595","2246","51","696","2021-04-14 12:45:53.085"
"596","2270","51","74","2021-04-14 12:45:53.085"
"597","2271","51","21","2021-04-14 12:45:53.085"
"598","2306","51","32","2021-04-14 12:45:53.085"
"599","2307","51","364","2021-04-14 12:45:53.085"
"600","2307","51","48","2021-04-14 12:45:58.227"
"601","2330","51","47","2021-04-14 12:46:12.519"
"602","2347","50","22","2021-04-14 12:46:27.392"
"603","2298","49","13","2021-04-14 12:46:27.559"
"604","2300","49","137","2021-04-14 12:46:27.559"
"605","2347","50","3","2021-04-14 12:46:35.609"
"606","2362","50","20","2021-04-14 12:46:35.609"
"607","2330","51","7","2021-04-14 12:46:35.609"
"608","2330","51","17","2021-04-14 12:46:45.920"
"609","2364","51","36","2021-04-14 12:46:45.920"
"610","2364","51","38","2021-04-14 12:46:45.996"
"611","2364","51","29","2021-04-14 12:46:46.499"
"612","2365","51","12","2021-04-14 12:46:46.499"
"613","2294","48","54","2021-04-14 12:46:51.199"
"614","2343","48","56","2021-04-14 12:46:51.199"
"615","2366","48","44","2021-04-14 12:46:51.199"
"616","2375","48","71","2021-04-14 12:46:51.199"
"617","2379","48","89","2021-04-14 12:46:51.199"
"618","2403","47","40","2021-04-14 12:46:51.199"
"619","2404","47","26","2021-04-14 12:46:51.199"
"620","2396","50","40","2021-04-14 12:46:52.717"
"621","2409","46","27","2021-04-14 12:46:54.804"
"622","2396","50","30","2021-04-14 12:46:55.933"
"623","2417","49","27","2021-04-14 12:47:10.480"
"624","2396","50","96","2021-04-14 12:47:10.480"
"625","2400","50","26","2021-04-14 12:47:10.480"
"626","2439","49","54","2021-04-14 12:47:19.832"
"627","2400","50","26","2021-04-14 12:47:19.832"
"628","2428","44","38","2021-04-14 12:47:21.353"
"629","2450","49","41","2021-04-14 12:47:30.874"
"630","2400","50","603","2021-04-14 12:47:30.874"
"631","2424","50","198","2021-04-14 12:47:30.874"
"632","2427","50","68","2021-04-14 12:47:30.874"
"633","2432","50","194","2021-04-14 12:47:30.874"
"634","2453","50","11","2021-04-14 12:47:30.874"
"635","2453","50","52","2021-04-14 12:47:31.244"
"636","2428","44","53","2021-04-14 12:47:58.907"
"637","2429","44","9","2021-04-14 12:47:58.907"
"638","2398","51","26","2021-04-14 12:48:08.791"
"639","2414","51","18","2021-04-14 12:48:08.791"
"640","2483","50","28","2021-04-14 12:48:14.971"
"641","2414","51","1","2021-04-14 12:48:14.971"
"642","2414","51","15","2021-04-14 12:48:14.972"
"643","2315","52","6","2021-04-14 12:48:14.972"
"644","2494","47","38","2021-04-14 12:48:23.290"
"645","2315","52","218","2021-04-14 12:48:23.800"
"646","2340","52","17","2021-04-14 12:48:23.800"
"647","2504","51","74","2021-04-14 12:48:33.583"
"648","2340","52","25","2021-04-14 12:48:33.583"
"649","2482","52","33","2021-04-14 12:48:33.583"
"650","2505","52","325","2021-04-14 12:48:33.583"
"651","2509","52","17","2021-04-14 12:48:33.583"
"652","2534","48","23","2021-04-14 12:48:42.625"
"653","2534","48","12","2021-04-14 12:48:46.363"
"654","2537","48","23","2021-04-14 12:48:46.363"
"655","2537","48","21","2021-04-14 12:48:47.497"
"656","2543","48","48","2021-04-14 12:48:47.497"
"657","2550","48","39","2021-04-14 12:48:47.497"
"658","2525","49","21","2021-04-14 12:48:47.497"
"659","2528","49","32","2021-04-14 12:48:47.497"
"660","2531","49","15","2021-04-14 12:48:47.497"
"661","2556","48","23","2021-04-14 12:48:49.169"
"662","2531","49","10","2021-04-14 12:48:49.169"
"663","2538","49","1","2021-04-14 12:48:49.169"
"664","2554","47","27","2021-04-14 12:48:49.554"
"665","2538","49","32","2021-04-14 12:48:50.342"
"666","2574","47","21","2021-04-14 12:48:55.192"
"667","2575","48","55","2021-04-14 12:48:57.563"
"668","2576","47","24","2021-04-14 12:49:06.352"
"669","2581","47","43","2021-04-14 12:49:06.352"
"670","2581","47","32","2021-04-14 12:49:10.602"
"671","2594","47","22","2021-04-14 12:49:10.602"
"672","2597","47","17","2021-04-14 12:49:10.602"
"673","2584","48","40","2021-04-14 12:49:12.107"
"674","2592","48","5","2021-04-14 12:49:12.107"
"675","2597","47","157","2021-04-14 12:49:12.522"
"676","2597","47","24","2021-04-14 12:49:12.932"
"677","2592","48","21","2021-04-14 12:49:22.119"
"678","2595","48","1","2021-04-14 12:49:22.119"
"679","2595","48","32","2021-04-14 12:49:28.911"
"680","2597","47","47","2021-04-14 12:49:42.787"
"681","2602","47","30","2021-04-14 12:49:42.787"
"682","2602","47","22","2021-04-14 12:49:43.215"
"683","2607","47","23","2021-04-14 12:49:43.215"
"684","2632","47","32","2021-04-14 12:49:43.215"
"685","2633","47","22","2021-04-14 12:49:50.502"
"686","2616","48","27","2021-04-14 12:49:54.811"
"687","2619","48","34","2021-04-14 12:49:56.388"
"688","2620","48","20","2021-04-14 12:49:56.388"
"689","2628","48","1","2021-04-14 12:49:56.388"
"690","2628","48","22","2021-04-14 12:50:17.778"
"691","2628","48","24","2021-04-14 12:50:19.314"
"692","2637","48","7","2021-04-14 12:50:19.314"
"693","2644","47","22","2021-04-14 12:50:19.774"
"694","2637","48","22","2021-04-14 12:50:25.323"
"695","2637","48","21","2021-04-14 12:50:34.596"
"696","2637","48","29","2021-04-14 12:50:35.609"
"697","2661","48","19","2021-04-14 12:50:35.609"
"698","2661","48","25","2021-04-14 12:50:41.963"
"699","2664","47","24","2021-04-14 12:50:45.262"
"700","2691","47","21","2021-04-14 12:50:45.262"
"701","2713","47","46","2021-04-14 12:50:45.262"
"702","2718","47","25","2021-04-14 12:50:45.262"
"703","2721","47","32","2021-04-14 12:50:45.262"
"704","2722","47","49","2021-04-14 12:50:45.262"
"705","2666","46","101","2021-04-14 12:50:45.262"
"706","2661","48","3","2021-04-14 12:50:45.845"
"707","2671","48","25","2021-04-14 12:50:45.845"
"708","2674","48","7","2021-04-14 12:50:45.845"
"709","2666","46","87","2021-04-14 12:51:00.397"
"710","2673","46","21","2021-04-14 12:51:00.397"
"711","2702","46","28","2021-04-14 12:51:00.397"
"712","2720","46","51","2021-04-14 12:51:00.397"
"713","2733","46","208","2021-04-14 12:51:00.397"
"714","2735","45","94","2021-04-14 12:51:00.397"
"715","2745","44","51","2021-04-14 12:51:50.876"
"716","2745","44","42","2021-04-14 12:52:24.716"
"717","2745","44","120","2021-04-14 12:52:28.903"
"718","2769","44","27","2021-04-14 12:52:28.903"
"719","2801","41","100","2021-04-14 12:52:49.123"
"720","2791","45","32","2021-04-14 12:52:53.063"
"721","2793","45","13","2021-04-14 12:52:53.063"
"722","2793","45","14","2021-04-14 12:52:53.576"
"723","2800","45","37","2021-04-14 12:52:53.576"
"724","2800","45","11","2021-04-14 12:52:53.685"
"725","2753","46","26","2021-04-14 12:52:53.685"
"726","2764","46","21","2021-04-14 12:53:14.481"
"727","2826","45","22","2021-04-14 12:53:18.354"
"728","2831","45","25","2021-04-14 12:53:18.354"
"729","2764","46","29","2021-04-14 12:53:25.227"
"730","2852","45","30","2021-04-14 12:53:29.522"
"731","2852","45","14","2021-04-14 12:53:55.225"
"732","2863","45","21","2021-04-14 12:53:55.225"
"733","2870","45","33","2021-04-14 12:53:55.225"
"734","2873","45","43","2021-04-14 12:53:55.225"
"735","2855","44","37","2021-04-14 12:53:55.225"
"736","2890","42","21","2021-04-14 12:54:09.138"
"737","2888","43","7","2021-04-14 12:54:09.138"
"738","2904","42","52","2021-04-14 12:54:26.719"
"739","2883","44","23","2021-04-14 12:54:41.549"
"740","2909","39","46","2021-04-14 12:54:51.836"
"741","2926","43","30","2021-04-14 12:55:00.975"
"742","2895","44","31","2021-04-14 12:55:00.975"
"743","2903","44","22","2021-04-14 12:55:00.975"
"744","2880","45","302","2021-04-14 12:55:00.975"
"745","2949","45","27","2021-04-14 12:55:18.826"
"746","2764","46","42","2021-04-14 12:55:21.381"
"747","2768","46","50","2021-04-14 12:55:21.381"
"748","2777","46","246","2021-04-14 12:55:21.381"
"749","2828","46","58","2021-04-14 12:55:21.381"
"750","2830","46","150","2021-04-14 12:55:21.381"
"751","2830","46","43","2021-04-14 12:55:21.882"
"752","2830","46","28","2021-04-14 12:55:24.647"
"753","2830","46","65","2021-04-14 12:55:25.803"
"754","2834","46","25","2021-04-14 12:55:25.803"
"755","2834","46","45","2021-04-14 12:55:28.054"
"756","2839","46","21","2021-04-14 12:55:28.054"
"757","2844","46","39","2021-04-14 12:55:28.054"
"758","2853","46","33","2021-04-14 12:55:28.054"
"759","2859","46","18","2021-04-14 12:55:28.054"
"760","2949","45","2","2021-04-14 12:55:28.691"
"761","2961","45","27","2021-04-14 12:55:28.691"
"762","2859","46","4","2021-04-14 12:55:30.597"
"763","2865","46","39","2021-04-14 12:55:30.597"
"764","2876","46","19","2021-04-14 12:55:30.597"
"765","2931","46","23","2021-04-14 12:55:38.096"
"766","2952","46","22","2021-04-14 12:55:38.096"
"767","2966","46","24","2021-04-14 12:55:38.096"
"768","2981","46","174","2021-04-14 12:55:38.096"
"769","2981","46","22","2021-04-14 12:55:38.426"
"770","2972","45","40","2021-04-14 12:55:40.200"
"771","2992","45","65","2021-04-14 12:55:40.200"
"772","3010","45","28","2021-04-14 12:55:40.200"
"773","2945","44","13","2021-04-14 12:55:40.200"
"774","2945","44","14","2021-04-14 12:55:40.654"
"775","2951","44","41","2021-04-14 12:55:40.654"
"776","2981","46","218","2021-04-14 12:55:42.556"
"777","3011","46","20","2021-04-14 12:55:42.556"
"778","2736","47","670","2021-04-14 12:55:42.556"
"779","3026","46","20","2021-04-14 12:55:43.076"
"780","3026","46","22","2021-04-14 12:55:48.742"
"781","3021","45","140","2021-04-14 12:55:48.742"
"782","3022","45","20","2021-04-14 12:55:48.742"
"783","3029","45","96","2021-04-14 12:55:48.742"
"784","2955","44","32","2021-04-14 12:55:48.742"
"785","2989","44","23","2021-04-14 12:55:48.742"
"786","2994","44","22","2021-04-14 12:55:48.742"
"787","2996","44","53","2021-04-14 12:55:48.742"
"788","3005","44","24","2021-04-14 12:55:48.742"
"789","2940","43","55","2021-04-14 12:55:48.742"
"790","3015","43","41","2021-04-14 12:55:48.742"
"791","2934","42","63","2021-04-14 12:55:48.742"
"792","2941","42","20","2021-04-14 12:55:48.742"
"793","2942","42","963","2021-04-14 12:55:48.742"
"794","2942","42","26","2021-04-14 12:55:51.566"
"795","3044","43","33","2021-04-14 12:55:54.229"
"796","2942","42","118","2021-04-14 12:55:54.229"
"797","2942","42","48","2021-04-14 12:55:58.812"
"798","3059","44","29","2021-04-14 12:56:22.034"
"799","3056","43","21","2021-04-14 12:56:22.034"
"800","3054","42","24","2021-04-14 12:56:22.034"
"801","3057","42","28","2021-04-14 12:56:22.034"
"802","3038","41","52","2021-04-14 12:56:22.034"
"803","3043","41","59","2021-04-14 12:56:22.034"
"804","2933","40","21","2021-04-14 12:56:22.034"
"805","3052","40","24","2021-04-14 12:56:22.034"
"806","2923","39","28","2021-04-14 12:56:22.034"
"807","3068","45","48","2021-04-14 12:56:39.853"
"808","3063","44","29","2021-04-14 12:56:39.853"
"809","2736","47","20","2021-04-14 12:57:07.649"
"810","3087","46","28","2021-04-14 12:57:28.134"
"811","3091","46","27","2021-04-14 12:57:28.134"
"812","3080","45","30","2021-04-14 12:57:28.134"
"813","3086","44","27","2021-04-14 12:57:28.134"
"814","2736","47","69","2021-04-14 12:57:31.141"
"815","3097","36","53","2021-04-14 12:57:41.491"
"816","3097","36","25","2021-04-14 12:57:49.531"
"817","3096","46","35","2021-04-14 12:57:51.673"
"818","2736","47","114","2021-04-14 12:57:51.673"
"819","3097","36","58","2021-04-14 12:57:55.894"
"820","3097","36","21","2021-04-14 12:57:57.414"
"821","3097","36","74","2021-04-14 12:58:03.516"
"822","2736","47","76","2021-04-14 12:58:15.967"
"823","3097","36","144","2021-04-14 12:58:35.835"
"824","3097","36","29","2021-04-14 12:58:55.324"
"825","2736","47","39","2021-04-14 12:59:10.678"
"826","3138","45","21","2021-04-14 12:59:19.166"
"827","3143","39","62","2021-04-14 12:59:20.337"
"828","3141","38","33","2021-04-14 12:59:20.337"
"829","3129","37","6","2021-04-14 12:59:20.337"
"830","3152","43","25","2021-04-14 12:59:29.965"
"831","3163","39","37","2021-04-14 12:59:39.770"
"832","3165","39","38","2021-04-14 12:59:41.036"
"833","3159","40","37","2021-04-14 12:59:41.036"
"834","3174","38","65","2021-04-14 12:59:44.671"
"835","3177","37","21","2021-04-14 12:59:47.605"
"836","3177","37","22","2021-04-14 12:59:54.459"
"837","3177","37","38","2021-04-14 12:59:58.933"
"838","3203","37","5","2021-04-14 12:59:58.933"
"839","3203","37","23","2021-04-14 13:00:04.433"
"840","3211","37","22","2021-04-14 13:00:04.433"
"841","3137","36","53","2021-04-14 13:00:24.284"
"842","3237","37","26","2021-04-14 13:00:28.902"
"843","3187","38","192","2021-04-14 13:00:28.902"
"844","3172","39","52","2021-04-14 13:00:28.902"
"845","3172","39","16","2021-04-14 13:00:29.444"
"846","3178","39","27","2021-04-14 13:00:29.444"
"847","3256","38","21","2021-04-14 13:00:39.397"
"848","3258","38","27","2021-04-14 13:00:39.397"
"849","3262","38","25","2021-04-14 13:00:39.397"
"850","3248","37","40","2021-04-14 13:00:39.397"
"851","3270","38","21","2021-04-14 13:00:43.356"
"852","3178","39","20","2021-04-14 13:00:43.356"
"853","3197","39","26","2021-04-14 13:00:49.108"
"854","3197","39","74","2021-04-14 13:00:49.445"
"855","3293","39","63","2021-04-14 13:01:15.034"
"856","3296","39","283","2021-04-14 13:01:15.034"
"857","3274","38","31","2021-04-14 13:01:19.530"
"858","3275","38","11","2021-04-14 13:01:19.530"
"859","3296","39","65","2021-04-14 13:01:23.019"
"860","3296","39","44","2021-04-14 13:01:27.952"
"861","3296","39","34","2021-04-14 13:01:47.768"
"862","3281","38","26","2021-04-14 13:01:57.569"
"863","3296","39","115","2021-04-14 13:01:59.461"
"864","3296","39","25","2021-04-14 13:02:03.971"
"865","3281","38","35","2021-04-14 13:02:09.427"
"866","3336","38","76","2021-04-14 13:02:09.427"
"867","3340","38","5","2021-04-14 13:02:09.427"
"868","3296","39","33","2021-04-14 13:02:42.217"
"869","3358","38","26","2021-04-14 13:02:43.974"
"870","3260","37","6","2021-04-14 13:02:43.974"
"871","3368","38","29","2021-04-14 13:02:50.789"
"872","3296","39","47","2021-04-14 13:02:52.079"
"873","3368","38","26","2021-04-14 13:02:56.336"
"874","3368","38","1","2021-04-14 13:03:29.591"
"875","3385","38","19","2021-04-14 13:03:29.591"
"876","3385","38","38","2021-04-14 13:03:33.165"
"877","3296","39","21","2021-04-14 13:03:35.618"
"878","3296","39","26","2021-04-14 13:03:36.196"
"879","3296","39","22","2021-04-14 13:03:37.777"
"880","3296","39","44","2021-04-14 13:03:40.471"
"881","3296","39","39","2021-04-14 13:03:44.183"
"882","3385","38","53","2021-04-14 13:03:54.376"
"883","3385","38","22","2021-04-14 13:03:54.963"
"884","3385","38","25","2021-04-14 13:03:55.289"
"885","3296","39","130","2021-04-14 13:04:16.288"
"886","3385","38","21","2021-04-14 13:04:20.603"
"887","3394","38","26","2021-04-14 13:04:41.741"
"888","3433","38","34","2021-04-14 13:04:41.741"
"889","3484","38","17","2021-04-14 13:04:41.741"
"890","3484","38","19","2021-04-14 13:04:59.636"
"891","3493","38","26","2021-04-14 13:04:59.636"
"892","3505","38","2","2021-04-14 13:04:59.636"
"893","3406","39","46","2021-04-14 13:05:11.119"
"894","3505","38","25","2021-04-14 13:05:29.306"
"895","3518","38","20","2021-04-14 13:05:29.306"
"896","3521","38","25","2021-04-14 13:05:29.306"
"897","3260","37","1","2021-04-14 13:05:29.306"
"898","3406","39","12","2021-04-14 13:05:34.303"
"899","3424","39","22","2021-04-14 13:05:34.303"
"900","3439","39","43","2021-04-14 13:05:34.303"
"901","3439","39","31","2021-04-14 13:05:39.862"
"902","3538","38","21","2021-04-14 13:05:55.904"
"903","3539","38","47","2021-04-14 13:05:55.904"
"904","3260","37","18","2021-04-14 13:05:55.904"
"905","3292","37","26","2021-04-14 13:05:55.904"
"906","3360","37","18","2021-04-14 13:05:55.904"
"907","3549","39","25","2021-04-14 13:06:01.710"
"908","3167","40","22","2021-04-14 13:06:01.710"
"909","3247","40","19","2021-04-14 13:06:01.710"
"910","3555","38","69","2021-04-14 13:06:12.054"
"911","3565","38","32","2021-04-14 13:06:32.184"
"912","3580","38","26","2021-04-14 13:07:41.603"
"913","3360","37","9","2021-04-14 13:07:47.353"
"914","3395","37","51","2021-04-14 13:07:47.353"
"915","3395","37","9","2021-04-14 13:07:49.215"
"916","3462","37","25","2021-04-14 13:07:49.215"
"917","3469","37","96","2021-04-14 13:07:49.215"
"918","3469","37","21","2021-04-14 13:07:59.690"
"919","3496","37","22","2021-04-14 13:08:22.698"
"920","3590","38","52","2021-04-14 13:08:41.345"
"921","3604","38","39","2021-04-14 13:08:41.345"
"922","3604","38","73","2021-04-14 13:08:49.076"
"923","3608","38","8","2021-04-14 13:08:49.076"
"924","3496","37","188","2021-04-14 13:08:59.021"
"925","3620","38","26","2021-04-14 13:09:33.052"
"926","3496","37","33","2021-04-14 13:09:41.202"
"927","3634","38","40","2021-04-14 13:10:27.099"
"928","3496","37","22","2021-04-14 13:10:41.830"
"929","3634","38","38","2021-04-14 13:10:46.024"
"930","3634","38","25","2021-04-14 13:10:51.026"
"931","3634","38","71","2021-04-14 13:11:12.732"
"932","3634","38","36","2021-04-14 13:11:14.904"
"933","3634","38","37","2021-04-14 13:11:17.624"
"934","3655","38","40","2021-04-14 13:11:42.171"
"935","3496","37","81","2021-04-14 13:12:04.210"
"936","3496","37","304","2021-04-14 13:12:08.651"
"937","3689","38","22","2021-04-14 13:12:09.767"
"938","3689","38","23","2021-04-14 13:12:13.947"
"939","3703","38","33","2021-04-14 13:12:13.947"
"940","3713","38","6","2021-04-14 13:12:13.947"
"941","3496","37","45","2021-04-14 13:12:18.595"
"942","3496","37","23","2021-04-14 13:12:27.676"
"943","3496","37","171","2021-04-14 13:12:28.474"
"944","3741","38","21","2021-04-14 13:12:36.268"
"945","3743","38","1","2021-04-14 13:12:36.268"
"946","3496","37","27","2021-04-14 13:12:37.985"
"947","3743","38","51","2021-04-14 13:12:47.830"
"948","3754","38","23","2021-04-14 13:12:47.831"
"949","3496","37","20","2021-04-14 13:12:48.020"
"950","3754","38","34","2021-04-14 13:12:51.771"
"951","3754","38","3","2021-04-14 13:12:51.773"
"952","3762","38","17","2021-04-14 13:12:51.773"
"953","3775","38","30","2021-04-14 13:13:37.922"
"954","3780","38","23","2021-04-14 13:13:37.922"
"955","3791","38","33","2021-04-14 13:13:37.922"
"956","3795","38","65","2021-04-14 13:13:37.922"
"957","3496","37","137","2021-04-14 13:13:37.922"
"958","3568","37","21","2021-04-14 13:13:37.922"
"959","3594","37","22","2021-04-14 13:13:37.922"
"960","3642","37","24","2021-04-14 13:13:37.922"
"961","3642","37","26","2021-04-14 13:13:40.805"
"962","3642","37","4","2021-04-14 13:14:17.061"
"963","3693","37","24","2021-04-14 13:14:17.061"
"964","3802","38","23","2021-04-14 13:14:38.838"
"965","3812","38","1","2021-04-14 13:14:38.838"
"966","3812","38","741","2021-04-14 13:14:40.012"
"967","3816","38","37","2021-04-14 13:14:40.012"
"968","3816","38","71","2021-04-14 13:14:41.106"
"969","3759","37","45","2021-04-14 13:14:41.766"
"970","3782","37","14","2021-04-14 13:14:41.766"
"971","3782","37","93","2021-04-14 13:14:43.769"
"972","3803","37","104","2021-04-14 13:14:43.769"
"973","3816","38","60","2021-04-14 13:14:43.957"
"974","3819","38","87","2021-04-14 13:14:55.454"
"975","3820","38","34","2021-04-14 13:14:55.454"
"976","3842","38","79","2021-04-14 13:14:55.454"
"977","3843","38","111","2021-04-14 13:14:55.454"
"978","3866","38","41","2021-04-14 13:14:55.454"
"979","3561","39","22","2021-04-14 13:14:55.454"
"980","3584","39","61","2021-04-14 13:14:55.454"
"981","3599","39","36","2021-04-14 13:14:55.454"
"982","3685","39","33","2021-04-14 13:14:55.454"
"983","3690","39","33","2021-04-14 13:14:55.454"
"984","3696","39","14","2021-04-14 13:14:55.454"
"985","3696","39","7","2021-04-14 13:14:58.787"
"986","3698","39","30","2021-04-14 13:14:58.787"
"987","3737","39","32","2021-04-14 13:14:58.787"
"988","3748","39","21","2021-04-14 13:14:58.787"
"989","3871","38","48","2021-04-14 13:15:00.219"
"990","3872","38","20","2021-04-14 13:15:00.219"
"991","3872","38","9","2021-04-14 13:15:39.875"
"992","3880","38","43","2021-04-14 13:15:39.875"
"993","3883","38","61","2021-04-14 13:15:39.875"
"994","3892","38","40","2021-04-14 13:15:39.875"
"995","3901","38","47","2021-04-14 13:15:39.875"
"996","3904","38","140","2021-04-14 13:15:39.875"
"997","3904","38","53","2021-04-14 13:15:52.369"
"998","3904","38","25","2021-04-14 13:16:00.304"
"999","3748","39","98","2021-04-14 13:16:16.464"
"1000","3778","39","20","2021-04-14 13:16:16.464"
"1001","3783","39","20","2021-04-14 13:16:16.464"
"1002","3793","39","29","2021-04-14 13:16:16.464"
"1003","3805","39","51","2021-04-14 13:16:16.464"
"1004","3830","39","11","2021-04-14 13:16:16.464"
"1005","3830","39","22","2021-04-14 13:16:24.284"
"1006","3904","38","22","2021-04-14 13:16:25.357"
"1007","3830","39","48","2021-04-14 13:16:26.353"
"1008","3833","39","6","2021-04-14 13:16:26.353"
"1009","3833","39","94","2021-04-14 13:16:28.702"
"1010","3833","39","54","2021-04-14 13:16:33.689"
"1011","3833","39","48","2021-04-14 13:16:34.245"
"1012","3833","39","28","2021-04-14 13:16:40.304"
"1013","3904","38","71","2021-04-14 13:16:44.522"
"1014","3904","38","45","2021-04-14 13:16:56.314"
"1015","3919","38","20","2021-04-14 13:16:56.314"
"1016","3921","38","42","2021-04-14 13:16:56.314"
"1017","3921","38","77","2021-04-14 13:17:01.469"
"1018","3921","38","22","2021-04-14 13:17:13.341"
"1019","3833","39","23","2021-04-14 13:17:17.352"
"1020","3921","38","804","2021-04-14 13:17:37.092"
"1021","3833","39","23","2021-04-14 13:17:41.211"
"1022","3833","39","86","2021-04-14 13:17:45.945"
"1023","3833","39","22","2021-04-14 13:17:47.582"
"1024","3833","39","33","2021-04-14 13:18:08.346"
"1025","3921","38","65","2021-04-14 13:19:22.641"
"1026","3921","38","37","2021-04-14 13:19:24.840"
"1027","3921","38","49","2021-04-14 13:19:29.695"
"1028","3921","38","56","2021-04-14 13:19:31.081"
"1029","3929","39","128","2021-04-14 13:19:33.085"
"1030","3952","39","26","2021-04-14 13:19:33.085"
"1031","3991","39","44","2021-04-14 13:19:33.085"
"1032","4010","39","21","2021-04-14 13:19:33.085"
"1033","4049","39","27","2021-04-14 13:19:33.085"
"1034","4072","39","22","2021-04-14 13:19:33.085"
"1035","4082","39","31","2021-04-14 13:19:33.085"
"1036","3419","40","33","2021-04-14 13:19:33.085"
"1037","3442","40","22","2021-04-14 13:19:33.085"
"1038","3921","38","117","2021-04-14 13:19:56.495"
"1039","4128","39","20","2021-04-14 13:20:00.297"
"1040","3442","40","2","2021-04-14 13:20:00.297"
"1041","3455","40","29","2021-04-14 13:20:14.841"
"1042","4136","39","87","2021-04-14 13:20:19.660"
"1043","4136","39","16","2021-04-14 13:20:34.760"
"1044","4138","39","14","2021-04-14 13:20:34.760"
"1045","4172","39","306","2021-04-14 13:21:02.833"
"1046","4173","39","22","2021-04-14 13:21:02.833"
"1047","4177","39","54","2021-04-14 13:21:02.833"
"1048","4179","39","25","2021-04-14 13:21:02.833"
"1049","4181","39","33","2021-04-14 13:21:02.833"
"1050","3921","38","347","2021-04-14 13:21:02.833"
"1051","3921","38","34","2021-04-14 13:21:12.166"
"1052","3921","38","166","2021-04-14 13:21:15.551"
"1053","4191","39","129","2021-04-14 13:21:17.297"
"1054","4191","39","30","2021-04-14 13:21:24.270"
"1055","3921","38","28","2021-04-14 13:21:27.676"
"1056","4191","39","60","2021-04-14 13:21:50.423"
"1057","3921","38","24","2021-04-14 13:21:50.890"
"1058","4200","39","64","2021-04-14 13:22:42.076"
"1059","3921","38","3918","2021-04-14 13:23:39.543"
"1060","3921","38","27","2021-04-14 13:23:48.323"
"1061","4200","39","6","2021-04-14 13:25:10.820"
"1062","4201","39","22","2021-04-14 13:25:10.820"
"1063","4209","39","6","2021-04-14 13:25:10.820"
"1064","4209","39","29","2021-04-14 13:25:11.158"
"1065","4212","39","2","2021-04-14 13:25:11.158"
"1066","3921","38","114","2021-04-14 13:25:47.546"
"1067","4245","39","29","2021-04-14 13:26:10.352"
"1068","3921","38","47","2021-04-14 13:26:11.464"
"1069","4245","39","21","2021-04-14 13:26:13.281"
"1070","4245","39","13","2021-04-14 13:26:16.192"
"1071","4270","39","22","2021-04-14 13:26:16.192"
"1072","4279","39","33","2021-04-14 13:26:16.192"
"1073","3921","38","77","2021-04-14 13:26:32.081"
"1074","3921","38","89","2021-04-14 13:27:01.010"
"1075","3921","38","68","2021-04-14 13:27:28.051"
"1076","4284","39","24","2021-04-14 13:27:28.674"
"1077","3921","38","30","2021-04-14 13:27:31.492"
"1078","3921","38","21","2021-04-14 13:27:43.687"
"1079","4284","39","49","2021-04-14 13:27:57.581"
"1080","4301","39","26","2021-04-14 13:27:57.581"
"1081","4306","39","41","2021-04-14 13:27:57.581"
"1082","4307","39","105","2021-04-14 13:27:57.581"
"1083","3921","38","31","2021-04-14 13:28:00.043"
"1084","4307","39","6","2021-04-14 13:28:00.284"
"1085","4309","39","24","2021-04-14 13:28:00.284"
"1086","4315","39","7","2021-04-14 13:28:00.284"
"1087","4315","39","21","2021-04-14 13:28:05.696"
"1088","3921","38","44","2021-04-14 13:28:05.924"
"1089","3921","38","40","2021-04-14 13:28:10.332"
"1090","4315","39","20","2021-04-14 13:28:12.047"
"1091","4315","39","69","2021-04-14 13:28:12.635"
"1092","4315","39","22","2021-04-14 13:28:26.005"
"1093","3921","38","37","2021-04-14 13:28:26.260"
"1094","3921","38","47","2021-04-14 13:28:38.673"
"1095","3921","38","58","2021-04-14 13:28:38.920"
"1096","3921","38","53","2021-04-14 13:28:48.021"
"1097","3921","38","75","2021-04-14 13:28:52.395"
"1098","4315","39","29","2021-04-14 13:28:57.467"
"1099","4315","39","25","2021-04-14 13:28:59.075"
"1100","3921","38","24","2021-04-14 13:28:59.854"
"1101","3921","38","48","2021-04-14 13:29:00.120"
"1102","3921","38","70","2021-04-14 13:29:02.012"
"1103","4315","39","25","2021-04-14 13:29:02.842"
"1104","4315","39","42","2021-04-14 13:29:08.166"
"1105","4317","39","16","2021-04-14 13:29:08.166"
"1106","4317","39","10","2021-04-14 13:29:11.709"
"1107","4321","39","27","2021-04-14 13:29:11.709"
"1108","4324","39","22","2021-04-14 13:29:11.709"
"1109","4324","39","4","2021-04-14 13:29:12.388"
"1110","4338","39","22","2021-04-14 13:29:12.388"
"1111","4339","39","27","2021-04-14 13:29:12.388"
"1112","4345","39","22","2021-04-14 13:29:12.388"
"1113","4346","39","38","2021-04-14 13:29:12.388"
"1114","4351","39","54","2021-04-14 13:29:12.388"
"1115","4356","39","28","2021-04-14 13:29:12.388"
"1116","4371","39","13","2021-04-14 13:29:12.388"
"1117","3921","38","78","2021-04-14 13:29:18.924"
"1118","4371","39","47","2021-04-14 13:29:23.630"
"1119","3921","38","38","2021-04-14 13:29:30.717"
"1120","3921","38","42","2021-04-14 13:29:48.938"
"1121","4371","39","20","2021-04-14 13:29:50.132"
"1122","4371","39","35","2021-04-14 13:29:50.604"
"1123","3921","38","57","2021-04-14 13:29:58.067"
"1124","4371","39","20","2021-04-14 13:30:23.251"
"1125","4371","39","23","2021-04-14 13:30:53.546"
"1126","3921","38","45","2021-04-14 13:30:56.904"
"1127","3921","38","38","2021-04-14 13:31:41.335"
"1128","3921","38","21","2021-04-14 13:31:49.686"
"1129","3921","38","137","2021-04-14 13:32:02.239"
"1130","4371","39","98","2021-04-14 13:32:23.868"
"1131","4371","39","3","2021-04-14 13:32:23.952"
"1132","4403","39","27","2021-04-14 13:32:23.952"
"1133","4403","39","43","2021-04-14 13:32:34.654"
"1134","3921","38","31","2021-04-14 13:33:23.170"
"1135","4403","39","19","2021-04-14 13:33:28.736"
"1136","4417","39","27","2021-04-14 13:33:28.736"
"1137","3921","38","199","2021-04-14 13:33:39.483"
"1138","4417","39","7","2021-04-14 13:33:40.532"
"1139","4428","39","38","2021-04-14 13:33:40.532"
"1140","4434","39","122","2021-04-14 13:33:40.532"
"1141","4440","39","115","2021-04-14 13:33:40.532"
"1142","4442","39","23","2021-04-14 13:33:40.532"
"1143","4443","39","398","2021-04-14 13:33:40.532"
"1144","4453","39","22","2021-04-14 13:33:40.532"
"1145","4493","39","43","2021-04-14 13:33:40.532"
"1146","4513","39","23","2021-04-14 13:33:40.532"
"1147","4514","39","63","2021-04-14 13:33:40.532"
"1148","4527","39","25","2021-04-14 13:33:40.532"
"1149","4528","39","114","2021-04-14 13:33:40.532"
"1150","4532","39","40","2021-04-14 13:33:40.532"
"1151","4538","39","34","2021-04-14 13:33:40.532"
"1152","4548","39","21","2021-04-14 13:33:40.532"
"1153","4549","39","46","2021-04-14 13:33:40.532"
"1154","4553","39","34","2021-04-14 13:33:40.532"
"1155","4555","39","55","2021-04-14 13:33:40.532"
"1156","4569","39","31","2021-04-14 13:33:40.532"
"1157","4573","39","21","2021-04-14 13:33:40.532"
"1158","4574","39","50","2021-04-14 13:33:40.532"
"1159","4577","39","22","2021-04-14 13:33:40.532"
"1160","4585","39","380","2021-04-14 13:33:40.532"
"1161","4587","39","70","2021-04-14 13:33:40.532"
"1162","4589","39","29","2021-04-14 13:33:40.532"
"1163","4592","39","902","2021-04-14 13:33:40.532"
"1164","4597","39","221","2021-04-14 13:33:40.532"
"1165","4604","39","34","2021-04-14 13:33:40.532"
"1166","4615","39","29","2021-04-14 13:33:40.532"
"1167","4630","39","93","2021-04-14 13:33:40.532"
"1168","4641","39","25","2021-04-14 13:33:40.532"
"1169","4654","39","34","2021-04-14 13:33:40.532"
"1170","4661","39","23","2021-04-14 13:33:40.532"
"1171","4665","39","4892","2021-04-14 13:33:40.532"
"1172","3921","38","31","2021-04-14 13:33:56.642"
"1173","4665","39","1171","2021-04-14 13:33:58.567"
"1174","3921","38","50","2021-04-14 13:34:00.108"
"1175","3921","38","60","2021-04-14 13:34:14.073"
"1176","4665","39","29","2021-04-14 13:34:28.978"
"1177","3921","38","28","2021-04-14 13:34:35.420"
"1178","3921","38","370","2021-04-14 13:35:35.628"
"1179","3921","38","37","2021-04-14 13:36:24.335"
"1180","4665","39","21","2021-04-14 13:36:29.344"
"1181","3921","38","24","2021-04-14 13:36:59.769"
"1182","3921","38","63","2021-04-14 13:37:07.345"
"1183","4665","39","213","2021-04-14 13:37:07.506"
"1184","4665","39","67","2021-04-14 13:37:10.161"
"1185","3921","38","32","2021-04-14 13:37:12.602"
"1186","4665","39","58","2021-04-14 13:37:15.982"
"1187","3921","38","43","2021-04-14 13:37:21.897"
"1188","3921","38","24","2021-04-14 13:37:24.249"
"1189","4665","39","35","2021-04-14 13:37:45.452"
"1190","4665","39","22","2021-04-14 13:38:28.485"
"1191","4665","39","39","2021-04-14 13:38:34.904"
"1192","3921","38","37","2021-04-14 13:38:56.004"
"1193","4665","39","46","2021-04-14 13:38:57.379"
"1194","4665","39","49","2021-04-14 13:39:04.902"
"1195","4665","39","25","2021-04-14 13:39:09.011"
"1196","3921","38","1340","2021-04-14 13:39:13.261"
"1197","4665","39","34","2021-04-14 13:39:13.974"
"1198","4665","39","33","2021-04-14 13:39:15.281"
"1199","3921","38","329","2021-04-14 13:39:15.327"
"1200","3921","38","29","2021-04-14 13:39:50.144"
"1201","4665","39","189","2021-04-14 13:39:51.377"
"1202","3921","38","41","2021-04-14 13:40:01.101"
"1203","4665","39","70","2021-04-14 13:40:01.299"
"1204","4665","39","34","2021-04-14 13:40:12.582"
"1205","4665","39","29","2021-04-14 13:40:15.060"
"1206","4665","39","26","2021-04-14 13:40:18.303"
"1207","4665","39","657","2021-04-14 13:40:28.372"
"1208","3921","38","27","2021-04-14 13:40:29.571"
"1209","3921","38","73","2021-04-14 13:40:35.128"
"1210","4665","39","38","2021-04-14 13:40:36.878"
"1211","4665","39","20","2021-04-14 13:40:40.195"
"1212","4665","39","48","2021-04-14 13:40:41.012"
"1213","3921","38","26","2021-04-14 13:41:00.311"
"1214","3921","38","47","2021-04-14 13:41:22.798"
"1215","3921","38","69","2021-04-14 13:41:30.313"
"1216","3921","38","45","2021-04-14 13:41:30.356"
"1217","4665","39","106","2021-04-14 13:41:43.691"
"1218","4665","39","26","2021-04-14 13:41:51.335"
"1219","3921","38","37","2021-04-14 13:42:19.795"
"1220","3921","38","199","2021-04-14 13:42:20.776"
"1221","4665","39","47","2021-04-14 13:42:21.309"
"1222","4665","39","66","2021-04-14 13:42:27.462"
"1223","4665","39","107","2021-04-14 13:42:31.512"
"1224","3921","38","27","2021-04-14 13:42:31.637"
"1225","4665","39","29","2021-04-14 13:42:36.121"
"1226","4665","39","20","2021-04-14 13:43:43.728"
"1227","3921","38","149","2021-04-14 13:43:49.901"
"1228","3921","38","32","2021-04-14 13:44:25.041"
"1229","3921","38","22","2021-04-14 13:44:49.668"
"1230","4665","39","30","2021-04-14 13:45:01.987"
"1231","3921","38","20","2021-04-14 13:45:02.045"
"1232","4665","39","188","2021-04-14 13:45:03.886"
"1233","4665","39","24","2021-04-14 13:45:06.072"
"1234","4665","39","34","2021-04-14 13:45:06.958"
"1235","3921","38","27","2021-04-14 13:45:07.875"
"1236","3921","38","21","2021-04-14 13:45:07.979"
"1237","3921","38","414","2021-04-14 13:45:09.390"
"1238","3921","38","76","2021-04-14 13:45:10.272"
"1239","3921","38","42","2021-04-14 13:45:15.708"
"1240","3921","38","25","2021-04-14 13:45:16.869"
"1241","3921","38","25","2021-04-14 13:45:27.064"
"1242","3921","38","42","2021-04-14 13:45:43.088"
"1243","4665","39","98","2021-04-14 13:45:47.517"
"1244","4665","39","43","2021-04-14 13:45:48.551"
"1245","4665","39","28","2021-04-14 13:45:48.857"
"1246","4665","39","25","2021-04-14 13:45:50.166"
"1247","4665","39","38","2021-04-14 13:45:56.234"
"1248","3921","38","192","2021-04-14 13:46:05.515"
"1249","4665","39","162","2021-04-14 13:46:14.028"
"1250","4665","39","55","2021-04-14 13:46:31.080"
"1251","4665","39","24","2021-04-14 13:46:35.430"
"1252","3921","38","59","2021-04-14 13:46:39.024"
"1253","4665","39","211","2021-04-14 13:46:42.114"
"1254","3921","38","20","2021-04-14 13:46:44.569"
"1255","3921","38","34","2021-04-14 13:46:48.919"
"1256","3921","38","31","2021-04-14 13:46:51.260"
"1257","4665","39","45","2021-04-14 13:46:53.516"
"1258","3921","38","31","2021-04-14 13:47:03.776"
"1259","3921","38","31","2021-04-14 13:47:10.444"
"1260","3921","38","130","2021-04-14 13:47:28.594"
"1261","4665","39","21","2021-04-14 13:47:28.749"
"1262","3921","38","21","2021-04-14 13:47:36.224"
"1263","4665","39","21","2021-04-14 13:47:57.577"
"1264","3921","38","99","2021-04-14 13:48:11.928"
"1265","4665","39","143","2021-04-14 13:48:37.985"
"1266","4665","39","27","2021-04-14 13:48:39.339"
"1267","3921","38","21","2021-04-14 13:48:43.777"
"1268","4665","39","56","2021-04-14 13:48:50.623"
"1269","3921","38","25","2021-04-14 13:49:02.288"
"1270","4665","39","43","2021-04-14 13:49:02.399"
"1271","4665","39","61","2021-04-14 13:49:02.816"
"1272","3921","38","27","2021-04-14 13:49:05.740"
"1273","3921","38","24","2021-04-14 13:49:09.100"
"1274","4665","39","24","2021-04-14 13:49:11.840"
"1275","3921","38","58","2021-04-14 13:49:19.868"
"1276","3921","38","294","2021-04-14 13:49:35.736"
"1277","3921","38","700","2021-04-14 13:49:39.139"
"1278","3967","38","230","2021-04-14 13:49:39.139"
"1279","4665","39","50","2021-04-14 13:49:42.518"
"1280","3967","38","23","2021-04-14 13:49:44.090"
